pseudo_id,text,retweetCount,replyCount,likeCount,quoteCount,viewCount,bookmarkCount,createdAt,lang,isReply,pseudo_conversationId,pseudo_inReplyToUsername,pseudo_author_userName,author_isBlueVerified,sentiment
332313144141982,@36502604678147 Wag iboto ang mga hinayupak na tulfos puro kayabangan lang iyan  kurakot lang gagawin nila parang artista bulok wag iboto I,2,0,12,0,167,1,2024-12-31 04:08:30+00:00,tl,True,562397063391556,36502604678147,482495937888395,False,1
118031172138755,@84136073931370 @36502604678147 Walang yagbols magDQ ang Comelec lalo na kilalang personalidad tulad niya kaya wag na lang iboto.,0,0,0,0,15,0,2025-01-01 01:48:16+00:00,tl,True,562397063391556,84136073931370,4118853075508,False,1
238099322662852,@553788313781654 Iboto ang mas corrupt …,0,0,0,0,47,0,2024-12-30 13:28:17+00:00,tl,True,135035814149623,553788313781654,955383678325602,False,1
745231674461161,"@553788313781654 Puro disdisqualified, Low or No Quality at mga TRAPO ang mga ito. Sinalaula na ang Senado.
MAAWA PO KAYO SA PILIPINAS mga kababayan ko. HUWAG niyong iboto ang mga ito.",0,0,0,0,21,0,2024-12-30 13:21:47+00:00,tl,True,135035814149623,553788313781654,48471209969890,False,1
513807521268893,"@553788313781654 Dahil sa dds nagsabi wag iboto, mas lalo kong iboboto. ✌️",1,0,2,0,76,0,2024-12-30 08:27:45+00:00,tl,True,135035814149623,553788313781654,536685808535160,False,1
135035814149623,Maawa kayo huwag iboto sa 2025 https://t.co/6rCyyJBJZl,85,39,241,5,20709,9,2024-12-30 03:41:38+00:00,tl,False,135035814149623,,553788313781654,False,1
330121044835280,"@553788313781654 iboto raw ang CHILD RAPIST QUIBOLOY, ROQUE na nakatira lang sa apartment ngayon billionaire na at isa pang BOBONG PHILIP SALVADOR na tulad ni Robin Padilla 😂😂😂😂",0,0,1,0,17,0,2025-01-01 00:52:40+00:00,tl,True,135035814149623,553788313781654,745225793745348,False,1
851295744997002,@7650979450203 HUWAG iboto ang mga TANGA at BOBO na walang alam sa trabaho sa SENADO na kaalyado ng mga DUTERTE AKA PIATTOS sayang ang kaban ng bayan sa mga walang alam,0,0,2,0,13,0,2024-12-30 11:18:06+00:00,tl,True,53367928503584,7650979450203,922866388002279,False,1
53367928503584,"In May 2025 - yun lang ang oras na PANTAY-PANTAY lahat ng Pilipino ulit. One vote per Filipino kahit pa presidente ka or ordinaryong Pilipino. MAKE YOUR VOTE COUNT. Huwag nating iboto ang mga pulitiko na kaalyado ng KORAP MARCOS ADMINISTRATION. Kung gusto nating may pagbabago, huwag na nating hintayin ang 2028- ngayon pa lang ay IBASURA NA LAHAT kandidato ni BBM.",7,2,29,0,1000,1,2024-12-30 04:36:46+00:00,tl,False,53367928503584,,7650979450203,False,1
87439426330131,@46329238896864 Kunin ang lupa pero hwag iboto,0,0,1,0,19,0,2024-12-30 10:56:47+00:00,tl,True,904406059474173,46329238896864,124390350765319,False,1
62603773282563,@46329238896864 Kaya nga wag ng iboto mga taong ganyan,0,0,0,0,14,0,2024-12-26 23:20:35+00:00,tl,True,904406059474173,46329238896864,142312748105586,False,1
217259146314081,"@46329238896864 Hoy ! Mga PAL ! Iboto nyo sya kung di, wala kayong bahay !",0,0,1,0,24,0,2024-12-26 19:19:04+00:00,tl,True,904406059474173,46329238896864,116417621163014,False,1
214970874574208,@46329238896864 Huwag iboto si Camille Villar.,0,0,0,0,13,0,2024-12-26 13:49:55+00:00,tl,True,904406059474173,46329238896864,331070714956135,False,1
532717043954158,"@46329238896864 pag pinagsama sama kaya mga bumoto kina cynthia, robin, bong revilla, grace poe at mawalang parang bula, may matira pa kaya sa Pilipinas? mga topnotchers sa senate elections recently pero parang walang ginawang tama.",0,0,0,0,20,0,2024-12-26 11:08:24+00:00,tl,True,904406059474173,46329238896864,437116927481068,False,1
711329527250590,@46329238896864 Grabe na ang garapalang pang - iinsulto sa mga tao. Hindi ko lang alam kung ano ang nasa utak ng mga bobotante. Sana naman ay may kaunting respeto pa sila sa kanilang mga sarili. Bumoto ng Tama at wag ibenta ang inyong kaluluwa sa mga kandidatong tulad niya.,0,0,0,0,18,0,2024-12-26 06:56:17+00:00,tl,True,904406059474173,46329238896864,775869384105884,False,1
987132947531022,"@46329238896864 IMO, tama na, sobra na! huwag ng iboto ang isa pang Villar sa Senado",0,0,0,0,40,0,2024-12-26 05:01:45+00:00,tl,True,904406059474173,46329238896864,642311743433658,False,1
140079897742407,@148313878471939 Akala mo pera nya. Lol epal! Wala ka namang  ginawa kundi maging alalay lng ni du30.  Huwag ng iboto mga trapo na politiko kagaya nito.,0,0,0,0,15,0,2024-12-30 04:24:44+00:00,tl,True,868880940799104,148313878471939,494456533688955,False,1
99603437496506,@148313878471939 Ang kapal talaga Ng mukha mo @148313878471939 MGA kababayan huwag iboto itong alipores Ng mga DUTAE 🤮🤮🤮,0,0,0,0,3,0,2024-12-29 09:33:41+00:00,tl,True,868880940799104,148313878471939,920405294081766,False,1
812177503964718,@148313878471939 Hindi Totoo! Hindi mo trabaho ito bilang senador. Trabaho mo gumawa ng batas na makikinabang mga Pilipino pero so far walang nagawa na batas na makabuluhan. Politiko na tuta ni Duterte. Huwag iboto!!,0,0,0,0,26,0,2024-12-28 12:00:53+00:00,tl,True,868880940799104,148313878471939,402446005182552,False,1
288939789705907,"@148313878471939 Pera ng Bayan yan, di yan personal na pera ni Yaya Bong. Walang utang na loob na dapat tanawin. Huwag nang muling iboto ang Yaya sa Senado.",0,0,8,0,330,0,2024-12-28 11:36:56+00:00,tl,True,868880940799104,148313878471939,871893166111832,False,1
195865203910369,"@148313878471939 Bago ang ang AKAP, may MALASAKIT! Epal! Wag iboto!",0,0,38,0,1333,0,2024-12-27 06:33:17+00:00,tl,True,868880940799104,148313878471939,204740529571985,False,1
875676846609646,@995120649715525 please wake up naman wag na kayong bumoto sa villar :(,0,0,0,0,37,0,2024-12-30 00:21:48+00:00,tl,True,489556080775800,995120649715525,17218305450395,False,1
647354485128270,@995120649715525 Wag nang iboto.,0,0,0,0,3,0,2024-12-28 21:53:02+00:00,tl,True,489556080775800,995120649715525,682738162626915,False,1
764627809463328,@995120649715525 Huwag iboto yan kasama na ang mga basura https://t.co/GkkmjXXwzJ,4,2,13,0,83,0,2024-12-28 06:40:25+00:00,tl,True,489556080775800,995120649715525,730887172318261,False,1
160019482592764,"@995120649715525 Calls for change daw oh! Kaw na talaga te! E di WOW ! Te, maniniwala sa iyo ang mga mamayang pilipino pag Hindi mo itutuloy ang iyong kandidatura pagka-senador. Tama na si ama, ina at kapatid. Bigay mo sa iba Naman. Huwag masyadong swapang sa kapangyarihan pamilya nyo.",0,0,0,0,6,0,2024-12-28 01:01:49+00:00,tl,True,489556080775800,,810363687103609,False,1
909362114794084,@995120649715525 Pagbabago? San banda? Isa ang pamilya Villar sa mga nakakaumay na dynasty sa Philippine politics. They are as old as an old stinking rag.,0,0,0,0,26,0,2024-12-28 00:41:11+00:00,tl,True,489556080775800,,344887814242317,False,1
4377072199457,@995120649715525 Yuck! Mga dapat hindi iboto. At mahalaga sa kanila ang utang na loob ng mga tao sa kanila.,0,0,0,0,535,0,2024-12-27 15:27:02+00:00,tl,True,489556080775800,995120649715525,400518196865676,False,1
173840419928406,@995120649715525 Kung gusto natin ng tunay na pag babago wag nang iboto ang mga nais lamang eh YUMAMAN ng YUMAMAN. Dahil pinapasahod natin sila ng tax nating lahat tapos sila lang nanginginabang.,0,0,0,0,26,0,2024-12-27 12:21:54+00:00,tl,True,489556080775800,995120649715525,802103232276870,False,2
550387055401766,"@726096210089217 @403780272519270 tunay! mga galamay silang lahat sa Comelec! mga Pilipino, Bumoto ng may talino- hindi kagaya ng Comelec! Para sa inang bayan at kinabukasan ng mga kabataan!",0,0,1,0,12,0,2024-12-29 16:19:24+00:00,tl,True,79784045563982,726096210089217,799167082304667,False,1
582185835011748,"@403780272519270 wala na rin ako tiwala sa Comelec. Puro KORAP na rin sila ☹️
Kaya ayoko na bumoto...",0,0,1,0,306,0,2024-12-28 07:43:54+00:00,tl,True,79784045563982,403780272519270,409288974466280,False,1
809381031751811,@975452594351818 Klan kya mtututo mga pilipino wag sna plgi pganahin n porke sikat iboto ..llo un mga p bibo.pulitika now pag mtapang bibig mo s pagmumura at pang aaway mas sikat..un bng bastusan n gusto pag mbait k wla talo n..un mga walng alm no.1 p s survey un mga bright nsa mbaba no..hay..,0,0,0,0,17,0,2024-12-29 14:45:19+00:00,tl,True,218994851333012,975452594351818,410373003742566,False,1
148196821280657,@975452594351818 bobo lang talaga bumoto at boboto sa kanila!!!,0,0,0,0,18,0,2024-12-29 08:59:52+00:00,tl,True,218994851333012,975452594351818,62313076979020,False,1
501036593864362,@975452594351818 Kaya nga dapat mo bang iboto si Kiko na may koneksyon sa showniz dahil sa asawa nya…tanungin mo kampo mo🙄,0,0,0,0,44,0,2024-12-29 08:48:22+00:00,tl,True,218994851333012,975452594351818,368544715945468,False,1
202661520166461,"@975452594351818 Wala - 

Maski na dating ABSCBN artists na naging congressman 

Or na feature sa MMK / nag guests sa mga ABSCBN shows para sa campaign nila kapag Halalan 

They supported the denial of franchise",2,2,32,0,1573,0,2024-12-28 03:46:04+00:00,tl,True,218994851333012,975452594351818,637588727754142,False,1
712386149303283,@443787935465755 Kaya dapat na lahat ng kandidato ng Duterte ay huwag iboto. Mahalin natin ang bansang Pilipinas. Lahat ng proChina at kadikit ng mga Duterte ay ekis na agad.,0,2,8,0,108,0,2024-12-29 10:17:00+00:00,tl,True,270018055427263,443787935465755,845258775679085,False,1
316758360640956,@443787935465755 Huwag na po tayong bumoto ng Duterte at kanilang kaalyado.,1,2,13,0,283,0,2024-12-29 05:21:45+00:00,tl,True,270018055427263,443787935465755,213788863930666,False,1
98510041298367,"@995815478201195 Puro mga pulpol! Walang kwenta! Dahil napatunayan na base sa dati at kasalukuyang performance nila na hindi bayan ang mahal nila, kungdi ang sarili nilang kapakanan. Kung mahal nyo ang Pilipinas huwag sila ang iboto ninyo.",0,0,0,0,9,0,2024-12-29 07:25:55+00:00,tl,True,137866431659787,995815478201195,96744137085726,False,1
50037362049996,@995815478201195 Kasama ko yung mga bumoto sa iyo. 🤣🤣🤣🤣,0,0,0,0,222,0,2024-12-29 05:41:26+00:00,tl,True,137866431659787,995815478201195,439483351890134,False,1
283673633219395,"@995815478201195 NO at No No No to Willie, Manny, Camilleat Bong Go! Mga inuts na ang  isipin pang  iboto  pa yang mga yan! 
Sayang lng ang boto mo!  Magisip mabuti. Wag madala sa ayuda!",0,0,0,0,8,0,2024-12-29 02:26:14+00:00,tl,True,137866431659787,995815478201195,269949519556779,False,1
873694592408270,"@995815478201195 Lito Lapid?? Walang silbe  sa Senado yan, Director pa sa Batang Quiapo!  Hindi na dapat  paswelduhan  yan ng taong nayan!  Walang alam sa Law dahil Baka  nga law breaker  pa raw siya!!  Please wag ng iboto yan! 
Bumalik nalang siya maging artistang laos at kapos!",0,0,0,0,71,0,2024-12-29 02:21:49+00:00,tl,True,137866431659787,995815478201195,269949519556779,False,1
931342074902718,@439483351890134 @995815478201195 kagaya ng bangaw na to. Bobo bumoto.,0,0,0,0,121,0,2024-12-28 23:29:36+00:00,tl,True,137866431659787,439483351890134,786891855327667,False,1
274928857823551,@995815478201195 Paanong Hindi magbabago! eh mga Kakampinks sinasabihan na Bobotante mga bomoto sa Uniteam kaysa I educate Sila kung Sino ang dapat iboto?,0,0,0,0,2,0,2024-12-28 13:08:11+00:00,tl,True,137866431659787,995815478201195,429360143637549,False,1
711287790018029,@995815478201195 grabe sila na naman gusto niyo iboto!??? tapos gusto ng pagbabago! wala na talgang pagasa anh Pilipinas !,0,0,1,0,95,0,2024-12-28 11:58:24+00:00,tl,True,137866431659787,995815478201195,289495713757394,False,1
493211910116361,"@995815478201195 OMG! God Bless my home country! Voters wake up! Kung gusto nio ng pagbabago, BUMOTO ng TAMA…",0,0,0,0,23,0,2024-12-28 11:22:04+00:00,tl,True,137866431659787,995815478201195,453627013544762,False,1
227409409936090,@995120649715525 Nagbayad nng malaki ang dmonyongbyan kaya mkakatbo sa nxt election pno n lang mga taong inagrabyado nng tarantadong to pera pera n lang tlga? So mas mbuti wag n lang bumoto tang-inang yan!,0,0,0,0,5,0,2024-12-29 05:26:37+00:00,tl,True,472025153049898,995120649715525,927393524319201,False,1
978420849865522,@995120649715525 what 'COMELEC'? not nouisancde candidate si quiboloy? talaga? ano'ng klaseng mga kandidato ang gusto ninyong tumakbo sa halalan? mga imoral? i-dissolve na lang kaya ang COMELEC? ano'ng values meron itong COMELEC? #DisqualifyQuiboloy,2,1,9,0,173,0,2024-12-28 12:18:34+00:00,tl,True,472025153049898,995120649715525,925279596835042,False,1
647791530206906,@460436796410133 Sana naman mag isip na mabuti ang mga botante bago bumoto.kinabukasan ninyo at mga hindi pa isinilang ang  nakasalalay sa inyong tamang pag buto.,0,0,0,0,2,0,2024-12-28 23:50:24+00:00,tl,True,672678344599120,460436796410133,775135996724427,False,2
971902399689526,"@460436796410133 Katakot talaga if puro trapo na naman uupo sa 2025 election. Don’t vote for trapos, lalo na at di nman need to vote 12 senators in the ballot. 2 to 4 lang na deserving senators ang iboto, valid pa rin ang ballot at mas tataas pa nga ang votes for them.  #NoToTrapo #Halalan2025",0,0,1,0,29,0,2024-12-27 23:25:41+00:00,tl,True,672678344599120,460436796410133,488907519833462,False,1
146352623444028,"@168671231955941 @552630089176844 Parang mga tanga lang o kasing bangag ng mga niluklok nila, pagkatapos nilang iboto yung dalawa ayan sila ngayon nganga",0,0,1,0,11,0,2024-12-28 22:50:21+00:00,tl,True,174931675655362,168671231955941,180990641851934,False,1
671155125404352,"@552630089176844 Ang numero unong resolusyon ko para sa Pilipinas sa pasalubong sa Bagong Taon 2025 ay bumoto ng tapat, matino at mahusay na karapat-dapat sa Senado at sa pagka-Pangulo sa 2028.

DISQUALIFY POLITICAL DYNASTIES!

#DisqualifyPoliticalDynasties #YesToAntiPoliticalDynastyLaw https://t.co/gMtZwmouNt",14,1,49,1,916,0,2024-12-28 08:04:16+00:00,tl,True,174931675655362,552630089176844,136602444931068,False,1
182271563612737,@556776310795431 ang sa akin nyan if di naniniwala sa pasko lahat ng bagay related sa pasko di nyo tinatanggap. dami kasing satsat INC di nyo naman pwedeng ipilit sa katoliko na sundin paniniwala nyo kaya respeto na lang sa kanya kanyang belief. like iboto nyo sino gusto nyo basta silent lang.,0,0,0,0,15,0,2024-12-28 22:18:40+00:00,tl,True,408799430113707,556776310795431,37761936876975,False,1
317047542082620,@50666682973447 @556776310795431 Nagninong ninang din kamo s binyag kundi b naman mga impokrito. Masyadong mapagmataas panay bible verse p mga yan kala mo naman tlgang 100% nila sinasabuhay ung laman ng bibliya. Wla ngamg mga sariling bait pag botohan makaasta kala mo sila n pinakamagaling,0,0,0,0,235,1,2024-12-26 12:01:52+00:00,tl,True,408799430113707,50666682973447,956455654679964,False,1
121243083826643,"@359118671355232 @858466250494597 @979175384168075 @556776310795431 Pero wala kayong freewill na bumoto ng gusto nyong kandidato di ba? Sinusunod nyo pa rin yung gusto mg religion nyo. Kahit di corrupt napili nyong supportahan sa higher position, sa ibang ahensya nyo corrupt especially provinces. pwe",0,0,2,0,94,0,2024-12-26 07:33:13+00:00,tl,True,408799430113707,359118671355232,730963467023721,False,1
914602056624535,"@417561643201212 @556776310795431 Wala din naman nakasulat sa bible na iboto nyo mga pulpol and corrupt na politicians pero kung sino na lang din malaki bigay sa inyo. Tigilan mo kami ate, may Pasok ka dapat today kung hindi Christmas lol",3,2,107,1,12020,0,2024-12-25 15:11:50+00:00,tl,True,408799430113707,417561643201212,218665567129806,False,1
114437824239913,@386448563236972 @830907638555217 @453507072214837 @148111201582170 @272211934715243 O Ayan mga bumoto kayo Cynthia Villar Nakita niyo na kung among klaseng tao Yan..dadagdag pa ba kayo ng isa pang Villar sa senate??,1,0,3,0,201,0,2024-12-28 22:15:16+00:00,tl,True,407052809082876,386448563236972,542220537551077,False,1
953236756626583,"@620194396252301 @386448563236972 @830907638555217 @453507072214837 @148111201582170 @272211934715243 Ginagawang gatasan ang gobyerno...kahit sinong villar, hwag ng iboto.",1,0,0,0,67,0,2024-12-28 08:44:09+00:00,tl,True,407052809082876,620194396252301,642311743433658,False,1
513203206767097,@386448563236972 @830907638555217 @453507072214837 @148111201582170 @272211934715243 Hwag ng iboto pa ulit ang isa pang Villar sa Senado. Ginagawang gatasan na nila ang gobyerno. Buti pa si Atty Dr Montemayor ang iboto,4,0,39,0,1073,0,2024-12-28 08:42:04+00:00,tl,True,407052809082876,386448563236972,642311743433658,False,1
653769970099489,"@589029215591253 Kung hindi mapipigilan ang mga kampon ng kadiliman at kasamaan na kumandidato, baka naman pwedeng pigilan ang mga tanga at bobo na bumoto.",0,0,0,0,11,0,2024-12-28 10:10:07+00:00,tl,True,26312566029554,589029215591253,656067301667461,False,1
149789230045126,@589029215591253 Wala kasing maayos na voters education na hinahayaang lang ng COMELEC  Kailan matututo bumoto ng Tama ang mga Pinoy? :(,0,0,2,0,22,0,2024-12-28 01:56:53+00:00,tl,True,26312566029554,589029215591253,272493226972337,False,1
373811777298486,@478734271753107 @589029215591253 same here after 2022 ayoko ng bumoto tutal dinadaya din naman,0,0,2,0,127,0,2024-12-28 00:06:10+00:00,tl,True,26312566029554,478734271753107,974324592268182,False,1
813932044988624,"@589029215591253 Pilipinas bumoto ng mga tamang tao. 
Maawa kayo sa sarili niyo.",0,0,1,0,12,0,2024-12-27 15:27:24+00:00,tl,True,26312566029554,589029215591253,991361932753537,False,2
190799032431762,@589029215591253 Ewan ko ba ang Pilipino ang hirap mong mahalin lalo na ang bansang pilipinas walang kwenta iboto ninyo para lalong babagsak ang pilipinas,0,0,2,0,45,0,2024-12-27 13:22:57+00:00,tl,True,26312566029554,589029215591253,707859754823776,False,1
796515988952663,@478734271753107 @589029215591253 Ako din eh. Wag na lang bumoto! Mananatiling mga b0b0 ang mga botanteng Pinoy,0,0,0,0,119,0,2024-12-26 19:58:42+00:00,tl,True,26312566029554,478734271753107,645599323672071,False,1
891662335340916,"@589029215591253 Ang iboto po natin ay yung may alam sa batas. Wag yung popular na artista, at politiko na pulpol.",0,0,2,0,25,0,2024-12-26 19:30:32+00:00,tl,True,26312566029554,589029215591253,500445945093556,False,1
269165981466622,"@589029215591253 Ano bang nagawa ng mga senador na sina Revilla, Go, Cayetano, Sotto, Lacson, Pacquiao, Lapid, de la Rosa at Marcos na kelangang iboto silang muli? At bakit kelangan pa ng 2 Tulfo, 1 pang Villar at 1 pang Binay sa Senado?  Mag-isip naman tayong mga botante, pwede ba?",2,0,5,0,101,0,2024-12-26 14:10:38+00:00,tl,True,26312566029554,589029215591253,121162902729335,False,1
974650248986522,@995120649715525 'Wag iboto at baka lupa tinitirikan ng bahay nyo ay kanilang kamkamin at ipamigay sa iba... Subra na Tama ng mga Aguilar at Villar sa panga-aabuso at pangungurapto sa ating bayan! Gising at Magkaisa tayo para kalusin ang kanilang salup sa darating na election 2025!,0,0,0,0,28,0,2024-12-28 09:19:14+00:00,tl,True,132758576876132,995120649715525,894174708325111,False,1
607382000152880,@995120649715525 Please lang wag na siya iboto. Ubod ng yabang para maging senado.,0,0,2,0,298,0,2024-12-28 03:15:36+00:00,tl,True,132758576876132,995120649715525,615528404286,False,1
348131024710735,"@995120649715525 kaya nasa mga botante ang sisi hindi sa politiko. 
given na sa kanila ang tangahin at utuin ang botante para iboto sila, nasa iyo na yun bilang botante kung magpapauto ka kaya walang ibang dapat sisihin kundi botante.",0,1,2,0,268,0,2024-12-27 12:55:01+00:00,tl,True,132758576876132,995120649715525,618317686459971,False,1
425349811770955,"@552630089176844 @995120649715525 Yan ang “mahusay “ na leader, magbibigay
ng lupa basta iboto mo, for every services ba gagawin sa bansa may kapalit na pabir para sa kanila!    O di ba?  Palakpakan👏👏👏👏👏",0,0,0,0,2,0,2024-12-28 08:01:43+00:00,tl,True,711885851587921,552630089176844,963249597042047,False,1
38481338164301,@335549529648064 @552630089176844 @995120649715525 Kahit Naman hnd kami bumoto. Nananalo Yan eh. Majority ng las Pinas ayaw sa kanila. Pinaglalaruan lang kami ng mga pamilya nila. Kapag hnd Sila nanalo. Aguilar Naman Ang nananalo. Mag hire Sila ng against sa kanila sa election. Para kunwari fair fight. Hahaha,0,0,0,0,7,0,2024-12-27 20:52:47+00:00,tl,True,711885851587921,335549529648064,118296909161501,False,1
209587897317035,@552630089176844 @995120649715525 Ang ibig sabihin ba ng matapobre na ito ay kung iboboto ang kandidato niya ay bibigyan niya ng lupa ang mga ito? Di ba vote buying ang gagawin ng matandang ito na labag sa batas? Kaya ba niyang bigyan ng lupa lahat ng boboto kung 30 million ang bumoto? Sinungaling?,0,0,0,0,4,0,2024-12-27 10:06:46+00:00,tl,True,711885851587921,552630089176844,554423716436549,False,1
592174486927958,@466085634041458 Magnanakaw talaga! Dapat wag na iboto yan. Lalong pumangit ang Las Piñas. Napaka gulo at napaka traffic. Sing sama ng  mukha at ugali ng Cynthia Villar na yan.,0,0,1,0,58,0,2024-12-28 02:00:04+00:00,tl,True,235240987139078,466085634041458,997345958316574,False,1
386705714087756,"@466085634041458 Huwag iboto ang isa pang Villar sa Senado. Ginawa na nilang negosyo ang politics in guise of ""public service""",0,0,6,0,76,0,2024-12-27 04:19:40+00:00,tl,True,235240987139078,466085634041458,642311743433658,False,1
39799392858609,"@27980964076722 @329230137346587 @915788346886411 @589029215591253 @92022159408745 You mean mga nagpapanggap na kakampinks! 
Tawang tawa ako sa iyo kasi halalan yang binabanggit mo! Eh mga troll army lang ang gumagawa nyan eh! https://t.co/Wdsjy9XUZz",0,1,1,0,12,0,2024-12-27 17:36:43+00:00,tl,True,359997390741279,27980964076722,88987228372981,False,1
715301996820198,@589029215591253 Kunin nyo yung ayuda kasi hindi naman po kayo mapipigil pero naman maging matalino kayo at iboto ang tamang politiko para sa totoong pag-unlad ng bansa,0,0,1,0,15,0,2024-12-27 03:49:10+00:00,tl,True,359997390741279,589029215591253,136601140194306,False,2
772961225371947,"@589029215591253 Kunin ninyo dahil Pera din ninyo iyan pero wag ninyong iboto, dahil barya lang iyan sa bilyong bilyong naibulsa nila",0,0,1,0,21,0,2024-12-25 20:08:44+00:00,tl,True,359997390741279,589029215591253,846292802734012,False,1
820776745539512,@589029215591253 Konting barya ipinambibili sa utang na loob nila para iboto uli ang mga Duterte tapos isang libong ulit ang kapalit na nanakawin ng pamilyang ganid.,0,0,0,0,10,0,2024-12-25 08:09:58+00:00,tl,True,359997390741279,589029215591253,187480718253310,False,1
278196576945395,"@106490152796335 @776614900414751 🤣ung mga hindi nga bomoto kay Du30 noon ang daming reklamo. Tapos tayo na bumoto kay Bangag nung 2022, bawal magreklamo?",1,1,3,0,87,0,2024-12-27 02:33:40+00:00,tl,True,15308270504351,106490152796335,666923113467151,False,1
504116697766931,"@776614900414751 Hoy Grade 1.

Kapag hindi mo inisip ang interes ng kalahati ng bumoto sa iyo, aangal yan.

Sensido common.",2,3,9,1,872,0,2024-12-27 02:07:51+00:00,tl,True,15308270504351,106490152796335,106490152796335,False,1
658862851749023,"@106490152796335 Kahit bago pa mag eleksyon ayaw dyan ni digong, wala lang kayong option, alanagn si leni iboto nyo",0,1,0,0,29,0,2024-12-27 01:42:41+00:00,tl,True,15308270504351,106490152796335,776614900414751,False,1
640787330886856,"@870691721370897 ngyun alam mo na ha ,wag ng iboto ang mga villar sa senado",0,0,0,0,1,0,2024-12-26 22:33:42+00:00,tl,True,220782967182653,870691721370897,782957564659123,False,1
778599707003221,@870691721370897 Lalong hindi dapat iboto ang mag iinang yan🤬,0,0,0,0,32,0,2024-12-26 21:26:23+00:00,tl,True,220782967182653,870691721370897,853790596293718,False,1
8156835051555,@870691721370897 garapal pa sa garapal pagmumukha nian..sana nilamon na nang lupa to kung makahingi ng kondisyon sa mamamayan..lamunin mo yang lupa mo na siyang bubulok sa katawan mo.wag kayong pauuto sa pamilyang to at pls..buksan nio mata niyo at wag iboto ang apelyido ng mga to.,0,0,0,0,18,0,2024-12-26 10:07:49+00:00,tl,True,220782967182653,870691721370897,379415233924972,False,1
138842978351357,"@870691721370897 Sila lang boboto sayo! Walang 8milyon katao yun. 
Kami naman, amin ang lupa namin. Binili namin ito kaya malaya kaming wag ka iboto 😂",0,0,0,0,9,0,2024-12-26 08:46:46+00:00,tl,True,220782967182653,870691721370897,117175988542580,False,1
580712135436952,"@870691721370897 Maniwala kayo d'yan.   Echos lang nila yan para iboto sila ng mga taong salat sa buhay..ibig sabihin bibigyan nila nga lupa lahat ng boboto sa kanila?..marami pa rin kasing ""nauuto"" sorry for the term.iboto nyo yung makakatulong sa inyo hindi yung mang aabuso.",0,0,0,0,14,0,2024-12-26 08:02:27+00:00,tl,True,220782967182653,870691721370897,535469609423614,False,1
14684590314385,"@86668021778992 @870691721370897 Pag di kayo bumoto sa kanila di kayo makakpaglaro sa court😅😅kaya pala nananalo  dati iniisip ko kung paano nanalo 
She answer the puzzle",0,0,0,0,264,0,2024-12-26 06:56:28+00:00,tl,True,220782967182653,86668021778992,404220852720923,False,1
586916028997682,@870691721370897 Anay sa lipunan ang mga Villar...wag na ninyong iboto pa ang ganitong klase ng pag-uugali!,0,0,0,0,14,0,2024-12-26 01:06:29+00:00,tl,True,220782967182653,870691721370897,723685136946274,False,1
915660065425472,@870691721370897 May mga taong ganyan talaga. Ang nakakalungkot ay ang majority ng Pilipino ay bumoto pa rin sa mga taong ganito. Sa susunod na eleksyon sana naman di na magpapaloko ang mga Pilipino sa mga taong kagaya nito. Magsimula na huwag iboto si Cynthia Villar sa kahit anong posisyon.,3,3,104,0,6067,0,2024-12-25 19:37:20+00:00,tl,True,220782967182653,870691721370897,86933954557036,False,1
926178043649649,@870691721370897 Aba kapal ng mukha neto ah 🤣 Unang una di mo ma gagawa yan kung di binoto ng tao gga! Anong suporta pinag sasabi mo? Wag niyo nang iboto tong gga na to!,0,0,0,0,22,0,2024-12-25 19:10:18+00:00,tl,True,220782967182653,870691721370897,204424687119145,False,1
28988034711311,@487904401693285 Maraming bobo sa pinas pre mas magulat at magtaka ka kung wala talagang bumoto dyan.,0,0,0,0,3,0,2024-12-26 06:48:55+00:00,tl,True,199800803250216,487904401693285,268262083666973,False,1
367007114451193,@879517380393093 @487904401693285 Tanga sino nagsabi na iboboto rin ang kampon ng magnanakaw sa totoo lang baka kayo lang rin bumoto dun mga utak alipin kaya Pilipinas bansa ng mga hampaslupang utak alipin,0,0,0,0,2,0,2024-12-26 02:50:53+00:00,tl,True,199800803250216,879517380393093,734523661899339,False,1
791344578824730,@961315183607123 @487904401693285 Tanga sino bumoto diba kayong mga 31 million na walang utak uniteam na lng plataporma di pa mapanindigan mga hampaslupang utak alipin PWE,0,0,0,0,3,0,2024-12-26 02:48:10+00:00,tl,True,199800803250216,961315183607123,734523661899339,False,1
821582496174126,"@487904401693285 May boboto pa dyan pero siguro less than half ng mga bumoto kay robinhood, so hindi pa rin sya papasok sa magic 12",1,0,1,0,75,0,2024-12-26 02:39:41+00:00,tl,True,199800803250216,487904401693285,20753556031856,False,1
85155492892592,"@48700688140407 @487904401693285 iboto mo tapos wag ka magrereklamo kapag mas lalong humirap sa buhay. tandaan mo tax ang pinang sweldo diyan, kung gusto mo masayang ang taxes mo then iboto.",1,1,6,0,413,0,2024-12-26 02:14:11+00:00,tl,True,199800803250216,48700688140407,524525486138820,False,1
992237476176544,"@487904401693285 Kung sa kawayan magulang na yan.Hindi na kayang baluktutin.Yung kawalanghiyaang ginawa nyan kay kris hindi na maitutuwid pa ng boto jan.
tanga at bobo lang talaga ang bumoto jan!",1,0,2,0,9,0,2024-12-26 02:07:54+00:00,tl,True,199800803250216,487904401693285,420849661464406,False,1
601274893426788,"@48700688140407 @487904401693285 Kahit iboto mo yan hindi yan mananalo. Hwag mo nang subukan kumpletuhin ang tatlong bugok. Bong revilla, jinggoy estrada at phillip salvador. Ah nakalimutan ko si robin padilla. Apat na bugok pala🤣😆😝😝😆",1,0,0,0,76,0,2024-12-26 00:39:18+00:00,tl,True,199800803250216,48700688140407,172128276311560,False,1
214790454981605,@487904401693285 Padala xa ng cock pix nya baka magdalawang isip ako at iboto xa😛,1,0,1,0,168,0,2024-12-25 23:09:19+00:00,tl,True,199800803250216,487904401693285,599524071121449,False,1
613327975473831,@533126629485929 @487904401693285 Mas sira ulo pa kayo Kong iboto nyo ang team marcos,0,2,0,0,69,0,2024-12-25 22:47:46+00:00,tl,True,199800803250216,533126629485929,362320989721912,False,1
908957336064488,@48700688140407 @487904401693285 Tama iboto mo para lalong maghirap ang Pilipinas,0,0,5,0,497,0,2024-12-25 21:21:46+00:00,tl,True,199800803250216,48700688140407,214819406319524,False,1
925329243179876,@487904401693285 Isama din natin ang isa pang GAGO na si Willie Revillame. Mga botante matuto naman tayo wag na wag iboto ang mga IDIOTS at WALANGHIANG Salvador at Revillame!,2,0,2,0,17,0,2024-12-25 17:46:55+00:00,tl,True,199800803250216,487904401693285,533116152896560,False,1
889876157299436,@487904401693285 Sana huwag na Tayo magpa budol at magpakatanga huwag na nating iboto itong ganitong klase ng kandidato huwag tayong magdag NG mga Bobo at Walang silbe sa senador.,1,0,3,0,41,0,2024-12-25 15:04:22+00:00,tl,True,199800803250216,487904401693285,925244600263062,False,1
359743398753205,@487904401693285 Iboto nyo lang kung alin sa tingin nyo ang may malasakit sa mga kababayan natin🫡🫡🫡,0,0,1,0,20,0,2024-12-25 13:50:23+00:00,tl,True,199800803250216,487904401693285,694017122490847,False,2
677290357773634,"@487904401693285 Educate the voters Yun dapat ang gawin, wag silang i ad hominem at mas lalo lang silang ma encourage na iboto ang mga taong ito.",1,0,2,0,55,0,2024-12-25 11:21:09+00:00,tl,True,199800803250216,487904401693285,414767637794215,True,2
119614102036494,"@850433525081770 Sa madaling salita ni Cynthia, sa ayaw nyo at sa gusto, iboto nyo ang pamilyang Villar sa Las Piñas o bawi ang lupa nyo.",0,0,0,0,57,0,2024-12-26 04:56:53+00:00,tl,True,804907452287969,850433525081770,576673629606413,False,1
676976242709393,@850433525081770 Wag iboto mga Aguilar,0,0,0,0,7,0,2024-12-26 03:36:22+00:00,tl,True,804907452287969,850433525081770,862034575249004,False,1
38342401718352,@850433525081770 Wag iboto ang kahit sinong Villar!!,0,0,0,0,5,0,2024-12-26 00:15:58+00:00,tl,True,804907452287969,850433525081770,967961508170725,False,1
411950334584792,"@850433525081770 Kung ganun, dapat lang na lalong HINDI IBOTO ang mga VILLAR sa pahayag na yan. Dahil para sa kanila, ang serbisyo publiko ay utang na loob ng mga tao at dapat pagbayaran sa oras ng botohan. Hindi pala bukal sa puso nila at kusang loob na binibigay.",0,0,0,0,25,0,2024-12-25 15:50:16+00:00,tl,True,804907452287969,850433525081770,313173566235860,False,1
453722064354953,@850433525081770 Ibigay NYO NA ngayon pa lang Bakit hi hintayin pa ang results ng eleksyon?😂😂😂 ABUSADO AT PANG IISA SA KAPWA ANG GINAGAWA NYO.. HWAG NYONG IBOTO MGA VILLARS..NEVER AGAIN!😡😡,0,0,1,0,30,0,2024-12-25 14:11:49+00:00,tl,True,804907452287969,850433525081770,536566515144210,False,1
231661815189558,@850433525081770 Wag kayo bobo mga taga las pinas! Wag nyo na iboto yan mga villar,0,0,12,0,1614,0,2024-12-25 09:26:53+00:00,tl,True,804907452287969,850433525081770,152038620761010,False,1
729027165908384,"@697216793328325 Galing sa drug money at confidential funds para iboto sila ng mga tao, pansuhol ba kasi di nila kayang ibigay ang “Singapore” level na ginhawa kahit na 30 years na naging anay ang mga Duterte sa Davao",0,1,5,0,70,0,2024-12-25 21:01:10+00:00,tl,True,776167916201908,697216793328325,703771388727012,False,1
766515819232824,"@674176020618053 @190523803893887 Hindi gaya ng nasa malacanyang ngayon na binubusog mga press,sa regalo ,mamahaling alak at pagkain,ayuda mga local opisyales para makapamili ng boto at busalan mga bibig sa malawakang korupsyon para manatili sila sa posisyon Forever,sana matauhan botante sa panahon ng halalan",2,0,4,0,139,1,2024-12-25 13:06:02+00:00,tl,True,776167916201908,697216793328325,601752683822196,False,1
38249403912568,@553788313781654 Duterte youth aka DUGYOT di rin dapat iboto. AKO OFW ang dapat iboto,0,0,1,0,22,0,2024-12-25 19:54:15+00:00,tl,True,446914482156419,553788313781654,471903541190384,False,1
717304422865259,@553788313781654 Muling pala-ala ko sa ating mga kababayan. Huwag nang iboto ang mga politikong traydor sa bansang pilipinas. Mga supporter ng drug cartel at pogo. Ang mga tatakbong senador na ito ay mga alagad ng mga  duterte. Interes lang nila ang kanilang nais. Hindi interes ng bansa. https://t.co/oxvprOioD6,0,0,0,0,27,0,2024-12-25 07:05:34+00:00,tl,True,446914482156419,553788313781654,87872985850050,False,1
541985449066875,@833041957178030 Sige nga. Ano natutunan nyo? Ano na qualifications ng lider ang dapat iboto sa susunod na eleksyon?,0,0,0,0,28,0,2025-01-09 23:56:14+00:00,tl,True,938282542279459,833041957178030,321008046638207,False,2
516395338866059,"@833041957178030 Nabudol ha? Sino kayo? Nabudol? Sadyang mga tanga kayo. Walang namilit sainyo iboto siya. Basta kakampi mo Duterte, kahit anak ni Satanas, iboboto niyo. Masyadong pavictim. ISA KANG PILIPINO, PILIPINONG ENGOT",0,0,0,0,19,0,2025-01-10 02:57:14+00:00,tl,True,938282542279459,833041957178030,30383708772002,False,1
308936204947109,"@403780272519270 Hindi na ikaw ang presidente sorry.
Ang ipapanalo ng Comelec admin candidates.",0,0,14,0,376,0,2025-01-31 10:49:03+00:00,tl,True,820587510931892,403780272519270,809608863588234,False,1
820587510931892,Duterte on #Halalan2025: 'Bigyan nila tayo ng patas lang ang laban' https://t.co/Ild3lV2b9P,27,220,185,27,52061,3,2025-01-31 10:30:00+00:00,tl,False,820587510931892,,403780272519270,True,2
679760866182039,@617268793518215 Sen Tri willing po ako tumulong ng maliit na halaga sa yong kandidatura sa caloocan.hindi ka man humihingi ng kapalit sa nagawa mo sa ating bayan alam ko marami naghahangad tumulong da kandidatura mo tulad ko..,0,0,0,0,23,0,2025-01-13 19:06:55+00:00,tl,True,809787952286974,,176684491710081,False,0
155462915069963,"@617268793518215 Ikaw ang dpt presidente e, kaso nkipgunahan putanginang #leniROBredo 🤬 tnalo ko na c #bbm 🤬 e dnaya lng nmn nila #abnoy &amp; ipnakulong ni #de5 mga malalakas ng kalaban sa halalan 🤬",0,0,0,0,14,0,2025-01-14 18:43:24+00:00,tl,True,809787952286974,617268793518215,694179909610721,False,1
153558116403487,@995120649715525 Dapat lang may debate para malaman ng mga tao ang laman ng isip ng isang kandidato at magkaroon ng dagdag na basehan ang mga tao kung karapat dapat siyang iboto. Of course bawat ang advance copy ng questionnaires hahaha,0,0,1,0,13,0,2025-01-25 15:37:09+00:00,tl,True,32663144871688,995120649715525,910471183483607,False,2
907929766687815,"@995120649715525 Last 2022 elections ba ay ipinatupad ba ito? Hindi. Paano mapapasunod ang LAHAT ng Kandidato na MANDATORY ATTENDANCE sa  COMELEC Debates? Yung ABSENTEES sa debates ay Automatic  DISQUALIFIED sa May 12, 2025 Elections.",0,0,0,0,35,0,2025-01-25 12:57:04+00:00,tl,True,32663144871688,995120649715525,370385270062919,False,1
674001718119505,@995120649715525 Dapat ayusin muna ang COMELEC. Walang silbi ang lahat pag walang integredad and resulta ng eleksyon.,0,0,0,0,2,0,2025-01-27 00:10:12+00:00,tl,True,32663144871688,995120649715525,397519080607489,True,1
247959884819511,@901946442613399 Kasalanan nyo Yan kayo bumoto sa uniteam same kawatan!,0,0,0,0,1,0,2025-01-09 09:47:54+00:00,tl,True,624508063489925,901946442613399,173956582703035,False,1
624508063489925,"MABABAWI PA KAYA NATIN ANG BAYAN SA KAMAY NG MGA DEMONYO?

COMELEC nakigpagmeeting na kay Vangag..Naamoy na ang DAYAAN sa darating na halalan 2025 https://t.co/Kf7nCbjG7r",78,184,224,12,17851,5,2025-01-06 19:48:30+00:00,tl,False,624508063489925,,901946442613399,True,1
159362577751653,@901946442613399 Mukhang nakakasa n ang lutuan sa halalan haha,1,1,2,0,199,0,2025-01-07 07:57:14+00:00,tl,True,624508063489925,901946442613399,555831854008894,False,1
131830889636279,@901946442613399 Hindi ko alam. basta alam ko bobo lahat ng 31m na bumoto sa uniteam :),0,0,0,0,6,0,2025-01-07 13:38:32+00:00,tl,True,624508063489925,901946442613399,102871805195042,True,1
415923472512708,@901946442613399 Sino ba bumoto jan? Di ba kayo? UNITEAM,0,1,1,0,349,0,2025-01-07 01:15:42+00:00,tl,True,624508063489925,901946442613399,889918588416550,False,1
515843325885757,@623361697158128 Malamang lokohin din tayo nito! Huwag nyo iboto! Ang dami na manloloko sa senado at kongreso magdadagdag pa kayo!,0,0,5,0,71,0,2025-01-08 03:45:40+00:00,tl,True,30620575298824,623361697158128,310634153363253,False,1
433441211107506,"@623361697158128 Wag iboto ang mga tulfo. Pag nasa position na yan, kahit anong batas lalabagin",0,0,2,0,53,0,2025-01-08 04:42:07+00:00,tl,True,30620575298824,623361697158128,896162040688112,False,1
932929801762361,@623361697158128 Kung hindi pa nabisto hindi aaminin. Mas maraming maayos na kandidato para iboto kaysa jan.,0,0,0,0,38,0,2025-01-08 07:01:20+00:00,tl,True,30620575298824,623361697158128,50028885113927,False,1
38434398212448,"@623361697158128 Manloloko huwag iboto, huwag nang idagdag pa sa maraming manlolokong pulitiko.",0,0,0,0,12,0,2025-01-09 03:33:16+00:00,tl,True,30620575298824,623361697158128,132766717021920,False,1
413806956531411,@458651863842986 Ampangit nya talaga. I swear. Mukhang mabaho. Wag iboto mga Tulfo! Entitled sanamabichezzzz!,0,0,0,0,25,0,2025-01-30 15:35:51+00:00,tl,True,858754181376451,458651863842986,27599799196923,False,1
256960127788591,"@458651863842986 Eh 8080 kayo, iniidolo at binoto myo, ngayon alam nyo ginagago pala kayo. Kung hindi sana 8080 kayo sa halalan eh di walang ga itong pangyayari. Basta pilipino, 8080.",0,0,0,0,2,0,2025-01-30 12:01:43+00:00,tl,True,858754181376451,458651863842986,805570334595553,False,1
424141639049285,@458651863842986 Papanagutin wag ng iboto kahit na sinong lahi ng mga Tulfo!,0,0,1,0,70,0,2025-01-31 01:32:36+00:00,tl,True,858754181376451,458651863842986,663610256248493,False,1
673481404189709,@458651863842986 Tapos iboboto pa rin sila ng mga mahihirap at mga tontang botante,0,0,0,0,78,0,2025-01-30 12:37:23+00:00,tl,True,858754181376451,458651863842986,332687730810708,False,1
647794018793438,Nagisyu muli ang Korte Suprema ng temporary restraining orders laban sa pagdeklara kay Francis Leo Marcos o Norman Mangusin bilang nuissance candidate sa pagka-Senador at dating Albay Gov. Noel Rosal dahil sa pagdiskwalipika sa kanya noon ng COMELEC.,0,1,0,0,59,0,2025-01-21 10:50:19+00:00,tl,False,647794018793438,,247551683208894,False,2
262427646036499,"Si Mangusin ay pinayagan noon ng COMELEC na tumakbo sa pagka-Senador noong 2022 kung saan ay nakakuha siya ng higit 4 na milyong boto, mas marami pa kaysa sa mga boto nina Teddy Baguilat, Monsour del Rosario na mga dating Kongresista, dating Agriculture Sec. Manny Piñol at ...",0,1,0,0,34,0,2025-01-21 10:53:01+00:00,tl,True,647794018793438,247551683208894,247551683208894,False,2
65069948294723,@972890161400492 Pagmamahal daw sa bayan ang basehan nya sa pagpili ng iboboto. Hindi sya ang dapat magsalita nito. Eh para lng sa interest ng mga duterte kung bkt itong si bato ay kakandidato. Wag nyong iboto sya. Wag kayong paloloko sa sinasabi nya.,0,0,0,0,7,0,2025-01-22 07:32:17+00:00,tl,True,931654836438395,972890161400492,768689550679502,False,1
238161475448056,@972890161400492 tama piliin ang nagmamahal sa byan hindi yung nagmamahal sa interes ng iilan kaya di ka dapat iboto kasi mga duterte lang pinagsisilbihan mo 🤣🤣🤣,0,0,0,0,37,0,2025-01-21 10:13:51+00:00,tl,True,931654836438395,972890161400492,602057431449805,False,1
433534344602080,@972890161400492 Tama kaya lhat ng alipores ni Digongnyo wag iboto..,0,0,0,0,12,0,2025-01-22 06:00:36+00:00,tl,True,931654836438395,972890161400492,675296178864422,False,1
654921448522871,@972890161400492 Piliin ang mga tunay na naglilingkod sa bayan Hindi ang paglilingkuran lang ay si Dutae at Kilibog. Huwag magpalinlang at huwag iboto si BATO at mga Aso ni Dutae. 😁,0,0,0,0,2,0,2025-01-23 05:30:54+00:00,tl,True,931654836438395,972890161400492,102050658942012,False,1
101588884206589,"@618147134788255 Yan ang senador  kahit may kaso sa dating asawa pinayagan la rin ng Comelec tumakbo at may kaso din libel ngayon may issue sa anak na congressman din pala  pero ala lang, walang pag asa ang bansa na umangat kapag ganito ang mga lider at magiging leader nito",0,0,3,0,53,0,2025-01-30 00:14:34+00:00,tl,True,153654824515535,618147134788255,748938352452163,False,1
972129702977322,@618147134788255 Alam niyo kasalanan din naman nating mga voters kung bakit nagkandaletse tayo dahil ang mga ito ang mga binoboto natin. Kailangan pa talaga ng bloody revolution bago titino itong mga pilipino...wag nang iboto ang mga yan,0,0,1,0,8,0,2025-01-29 23:11:08+00:00,tl,True,153654824515535,618147134788255,688501346261304,False,1
884171029695742,@618147134788255 Wag na iboto ang mga kupal na Tulfo na yan,0,0,0,0,25,0,2025-01-30 04:00:04+00:00,tl,True,153654824515535,618147134788255,250816408684112,False,1
794576452075712,Ito ang mga hindi dapat iboto ngayong Mayo! Agree? https://t.co/exjFHBPxMs,179,167,824,34,23967,12,2025-01-25 23:01:40+00:00,tl,False,794576452075712,,492771802193429,True,1
143122145736476,"@492771802193429 Gusto mo,ang iboto ng taongbayan ung mga kandidatong tumanda n lng sa pwesto wala mn lng at soon to be n magiging kasabwat sa pagnnakaw ng administrasyon ? masaya ka, ! binabayaran ka pra diktahan kmi ?",0,0,0,0,1,0,2025-01-27 05:40:51+00:00,tl,True,794576452075712,492771802193429,636197936609946,False,1
573973974016054,@492771802193429 Yan ang dapat iboto,0,0,1,0,49,0,2025-01-26 10:37:19+00:00,tl,True,794576452075712,492771802193429,127107023388103,False,0
312657046810309,@492771802193429 Mga Kampon sila ni SATANAS kaya wag iboto,0,0,0,0,1,0,2025-01-26 08:29:28+00:00,tl,True,794576452075712,492771802193429,950361392617323,False,1
270806557385921,@492771802193429 Sila ang dapat iboto. Hindi kagaya mong bangag,0,0,0,0,6,0,2025-01-26 02:46:31+00:00,tl,True,794576452075712,492771802193429,270158830360722,False,1
104973421759542,@492771802193429 Ask ko lang pl since nangangampanya cla naicp ko din kng mglagay din ng tarp ng mga kndidato hindi dpat iboto at kurap may violation po ba if govt employee pero iuutos lng? Ty po.,0,0,0,0,78,0,2025-01-26 00:51:17+00:00,tl,True,794576452075712,492771802193429,672024602359835,False,1
281927108067584,"@492771802193429 Kung gusto nyo lalo kayong maghirap at tumawa ako ng tumawa, yesssss - sila ang iboto nyo🤣🤣🤣",0,0,0,0,29,0,2025-01-26 01:54:20+00:00,tl,True,794576452075712,492771802193429,944904060774593,False,1
718321427751467,"@492771802193429 Listahan ng mga hindi dapat iboto: mga taong kikibo lang kapag sariling interes o interes ng kaalyado ang naapektuhan. 
Walang pakialam sa bayan, pero pro-China. 
Why natin sasayangin ang buwis natin sa mga trapo na wala namang ginagawa para sa Pilipinas?",0,1,19,0,640,0,2025-01-26 02:57:43+00:00,tl,True,794576452075712,492771802193429,398455014829317,False,1
148590126491840,@492771802193429 kung gusto pabagsakin ang pilipinas yan ang dapat iboto 😂,0,0,0,0,41,0,2025-01-26 04:24:06+00:00,tl,True,794576452075712,492771802193429,726808716825649,False,1
895651563762435,"@492771802193429 Sila nga po ang most trusted candidate ngaun. Para sa akin, sila ang dapat iboto.",0,0,0,0,2,0,2025-01-27 23:40:16+00:00,tl,True,794576452075712,492771802193429,467436529051036,False,0
106864068562523,@213788863930666 @492771802193429 Sunga! Sino iboto mo Marcos allies? Puro mga insertion sa budget. Billions,0,0,0,0,2,0,2025-01-26 15:55:54+00:00,tl,True,794576452075712,213788863930666,553903583541399,False,1
250162255920430,@492771802193429 HRA ka pero ang gusto mo iboto yung mga mahilig magpacite in contempt pag di nila gusto naririnug nila? Kita mo mga Atty karamihan jan. Eh yung mga andun ngayon? Mema.,0,0,0,0,2,0,2025-01-26 23:22:40+00:00,tl,True,794576452075712,492771802193429,137250145887532,False,1
399971824100948,@492771802193429 Eh sino-sino naman po ang mga dapat iboto? 🙂‍↕️,0,0,0,0,7,0,2025-01-26 11:02:38+00:00,tl,True,794576452075712,492771802193429,345915325943166,False,2
221215516583718,@492771802193429 Huwag mo iboto..,0,0,0,0,2,0,2025-01-26 09:30:30+00:00,tl,True,794576452075712,492771802193429,144783863522566,False,1
543111279397812,@492771802193429 Hindi iboto para yung mga amo mong magnanakaw ang manatili sa kapangyarihan. Magkano bigayan?,0,0,0,0,5,0,2025-01-27 00:57:50+00:00,tl,True,794576452075712,492771802193429,110279715448996,False,1
617881628097365,@492771802193429 Ano ba yan wala manlang akong napupusuan iboto sa kanila sabagay di naman kc ako Duterte loyalist at hindi din ako Marcos loyalist malamang wala din ako iboboto doon hay walanlang karapat dapat mamuno,0,0,0,0,18,0,2025-01-26 06:34:45+00:00,tl,True,794576452075712,492771802193429,664103030141704,False,1
327190426330100,@492771802193429 Dapat ang mga to ang hindi iboto.. derecho sa inodoro🤣😂 https://t.co/CUAL8geGRD,0,0,0,0,7,0,2025-01-27 19:07:51+00:00,tl,True,794576452075712,492771802193429,429238786921779,False,1
733849181999711,@995120649715525 Wala ang first name ni Bong Revilla Jr? Di ba last name lang niya yan ayon sa COMELEC na pinatotohanan din niya? Hoy 😂,0,2,19,0,18261,0,2025-01-28 16:52:23+00:00,tl,True,315098135844878,995120649715525,840684026601269,False,1
555665571279715,"@995120649715525 Yung pag gisa pala kay Guo Hwa Ping ay arte arte lang mga pukinang inang mga to e no? Nakakadiri kayo! At sa mga bumoto dito at boboto pa, utang na loob wag na. Tangina nyo din e. Nakikipagsiksikan pa kayo sa mga presinto mga bobo naman pinipili nyo!",0,0,0,0,11,0,2025-01-29 03:49:32+00:00,tl,True,315098135844878,995120649715525,226563964102138,False,1
89638914635864,@995120649715525 mga hudas inalisan ng budget ang philhealth at educ ngayon naman binigyan ng Filipino Citizen ang red flag comelec nakipag alyansa sa tiktok president ayaw impeach si Sara pinagsasamantalahan ang kaban ng Bayan wow naman gunising ka Pilipinas nilulugmok na tayo ng gubyernong ito!,0,0,0,0,137,0,2025-01-28 22:30:06+00:00,tl,True,315098135844878,995120649715525,271068274105652,False,1
551099987928857,"@995120649715525 Grabe, sana next eleksyon bumoto na ng maayos majority 😭. Si SenRi lang maayos!!",0,0,0,0,5,0,2025-01-29 10:03:20+00:00,tl,True,315098135844878,995120649715525,490109990158374,False,0
380954424436237,@995120649715525 So si Lito Lapid hindi bumoto?,0,7,23,0,27173,4,2025-01-28 16:28:51+00:00,tl,True,315098135844878,995120649715525,791391509587212,False,2
292216784264817,@995120649715525 Lahat ng bumoto nang yes tuta yanr mga Duterte 😅 kunyari kampi sila kay Marcos,0,0,0,0,153,0,2025-01-29 03:13:08+00:00,tl,True,315098135844878,995120649715525,769371740767582,False,1
223563506211616,"@995120649715525 kayong mga senador 
na bumoto para bigyan
ng citizenship ang Chinese na ito

kayo.. ang totoong sumisira sa Pilipinas .. POGO tayo muli!

kapal ng mga mukha n'yo
naturingang mga senador kayo
ng bansa

wala ba talaga kayong mga hiya?",0,0,0,0,26,0,2025-01-29 07:44:50+00:00,tl,True,315098135844878,995120649715525,883338399144975,False,1
433321406331962,@995120649715525 Ano kaya kung hindi na iboboto ang mga re-electionist na bumoto ng yes? Yung mga bagong grupo naman.,0,0,2,0,118,0,2025-01-29 09:43:29+00:00,tl,True,315098135844878,995120649715525,456017265697060,False,0
116245876284315,"@995120649715525 Di ba dapat man lang pa imbestigahan sa Nbi-Pnp kung may alegasyon at delay muna ang botohan?... pero wala e, kasi problema ng Pinas mga politiko",0,0,1,0,74,0,2025-01-28 21:59:56+00:00,tl,True,315098135844878,995120649715525,279156607942412,False,1
672514966481895,"@995120649715525 Si Senator Win Gatchalian bumoto ng yes para Li Duan Wang na isang POGO financier
@758580440973699",0,0,0,0,178,0,2025-01-28 19:46:23+00:00,tl,True,315098135844878,995120649715525,983265493709758,False,1
790696871645055,@995120649715525 Sana Red yung mga bumoto pabor sa citizenship at green si SenRi bilang siya lang ang green flag sa lahat ng yan,0,0,1,0,84,0,2025-01-29 02:20:34+00:00,tl,True,315098135844878,995120649715525,561198050999111,False,0
33543642409970,"COMELEC nalang mag aadjust

Kung di pa ito blatant na panggagago eh tanggapin nalang natin na hindi na tayo u usad sa bansang ito",1,3,1,0,342,0,2025-01-23 21:23:34+00:00,tl,False,33543642409970,,426098887240189,False,1
775475239018600,@426098887240189 Ayus lang yan. Matagal ng nangagago ang comelec,0,0,1,0,13,0,2025-01-23 22:22:35+00:00,tl,True,33543642409970,426098887240189,267880305964738,False,1
381795751467886,"@884813826958956 @934947225605238 Ok, nagpalit na pala sya ng apelyido sa korte. But if hindi sya nagpalit sa korte ng apelyido mo, it's not an option. kung ano apelyedo mo yun talaga ilalagay ng COMELEC.",0,0,0,0,127,0,2025-01-22 08:39:11+00:00,tl,True,749071515315972,884813826958956,256706530852814,False,2
148963100739964,"Hindi ba pagpapakita iyan ng panlalamang? Target iyong mga fans niya sa mga pelikula niya. Hindi ba dapat ang mga achievements niya bilang elected official dapat ipagmalaki niya at magiging  basehan para siya iboto at hindi ang mga achievements niya sa mga kathang-isip na kuwento? Sana maging mapanuri na ang mga botante at tingnan ang kakayahan ng mga sikat na personalidad, sa kung ano sila bilang normal na tao at hindi iyong personalidad nila sa harap ng camera o entablado.",1,0,13,0,2791,0,2025-01-22 13:18:20+00:00,tl,True,749071515315972,934947225605238,926484351870384,True,1
620767417736596,@554423716436549 @934947225605238 May mali nga ba talaga ang COMELEC? https://t.co/djnOQJdwbm,0,0,0,0,674,1,2025-01-22 08:44:21+00:00,tl,True,749071515315972,554423716436549,256706530852814,False,2
803317972303666,@934947225605238 Mga tikasan.byad na nman comelec nyan,0,0,0,0,25,0,2025-01-23 01:16:10+00:00,tl,True,749071515315972,934947225605238,156156312239356,False,1
853143019231416,@934947225605238 Paldo na naman ang mga taga comelec mga hayop sila,0,0,0,0,47,0,2025-01-22 08:01:25+00:00,tl,True,749071515315972,934947225605238,736147375001665,False,1
875371267029337,"@934947225605238 Apporved by court yan, si Bong Revilla nag-apply nyan sa korte na iyan gawin nyang surname. No choice Comelec kundi sundin yan kaya mali kayo ng tinitira.",0,1,0,0,112,0,2025-01-22 07:24:17+00:00,tl,True,749071515315972,934947225605238,800370317000020,False,2
225506217200695,"@934947225605238 Yung mga annointed may mga TAG na iba? Ano ba yan Comelec Comissioner Garcia, ang obvious ng voting machines. Magaling din mag add n subtract ang counting machines?",0,0,2,0,739,1,2025-01-22 05:57:55+00:00,tl,True,749071515315972,934947225605238,622199555204532,False,1
505481869580690,@577694480183907 @934947225605238 May reklamo ka sa naghain ng kanyang pangalan sa kandidatura? Magsampa ka!🤣🤣🤣,0,0,0,0,18,0,2025-01-22 05:47:34+00:00,tl,True,749071515315972,,88987228372981,False,1
233984106445642,"@934947225605238 @690883004797923 bakit naman pinayagan ninyo ito? kailan naging apelyido ang palayaw ni ""Bong"" Revilla? may ganito palang kalakaran at 2010 pa pala ito nangyari. matindi talaga ang katiwalian kapag eleksyon. santissima.",0,0,4,0,281,0,2025-01-23 00:58:54+00:00,tl,True,749071515315972,934947225605238,925279596835042,False,1
243570560517489,"@934947225605238 Wag maging tanga KORTE ANG NAG DECIDE NYAN AT MATAGAL NA. Mag basa ka puro ka kabobohan , isisisi mo na naman sa Comelec at sa Administrasyon. Jusko 2009 na decision pa yan ng RTC.  

https://t.co/8jykVHD6v4 https://t.co/r595V5sIvz",0,1,0,0,97,0,2025-01-22 06:30:31+00:00,tl,True,749071515315972,934947225605238,552956595213500,False,1
587698542124838,@934947225605238 Sana namn maging matalino na mga botante jusmeo rudeh! Wag nyong iboto mga trapo!,0,0,0,0,918,0,2025-01-22 17:28:44+00:00,tl,True,749071515315972,934947225605238,326405482382345,False,0
836849414395635,"[...] upang maabot ang target na  na makapag-imprenta ng 1.5 milyong bagong balota kada araw. | via @99474714870421 ,IBC News

[3/3]

#IBCTV13 #IBCDigital #COMELEC #NPO #Halalan2025",0,0,1,0,35,0,2025-01-20 07:48:00+00:00,tl,True,556879849769939,977770615637911,977770615637911,False,2
556879849769939,Maglalabas ng resolusyon ang COMELEC ngayong araw  tungkol sa pagde-deputize ng National Printing Office para mapabilis ang pag-imprenta ng mga balota para sa paparating na #Halalan2025. [1/3] https://t.co/7NV9OSnBmM,1,1,1,0,50,0,2025-01-20 07:47:59+00:00,tl,False,556879849769939,,977770615637911,False,2
465474507388617,@995120649715525 Alam nyo na kung sinong hindi iboboto ha.  Wag iboto itong team maka-China.,1,0,5,0,309,0,2025-01-28 05:53:51+00:00,tl,True,262704108818599,995120649715525,717882386266006,False,1
532623181400651,@995120649715525 Huwag iboto ang mga tuta na to.,1,0,7,0,663,0,2025-01-28 04:54:39+00:00,tl,True,262704108818599,995120649715525,585917148290965,False,1
188723076425062,@995120649715525 Huwag na iboto itong mga senador na bomoto para ma naturalized Ang isang Chinese na na link sa Pogo and falsification of documents. Nawala na ba talaga sa kanila act of patriotism?,0,0,2,0,82,0,2025-01-28 07:14:03+00:00,tl,True,262704108818599,995120649715525,825315813217653,False,1
491594774258925,"@117559030723379 Dagdagan pa ang Kriminal sa Senatong at Tongress... mga naturingan gagawa ng Batas sa Pinas, galing ng Dabaw Komelek?",0,0,0,0,128,0,2025-01-12 00:40:12+00:00,tl,True,970683024917304,,279156607942412,False,1
14538311675420,"@117559030723379 Kahit maraming kagaya pa ni Quiboloy ang tumakbo sa halalan,
Hindi mananalo kung mas maraming matalinong botante.",0,0,0,0,91,0,2025-01-12 17:56:38+00:00,tl,True,970683024917304,117559030723379,383896873692848,False,1
736734460497329,@403780272519270 Kahit iboto ka ng mga yan hindi ka mananalo. 😂,0,0,0,0,63,0,2025-01-13 11:21:35+00:00,tl,True,318408173937550,403780272519270,821083321104369,False,1
647762065864677,@403780272519270 Mali ata ang pananaw. Dpat na wag iboto,0,0,1,0,562,0,2025-01-13 14:09:54+00:00,tl,True,318408173937550,403780272519270,797747755985141,False,1
673213151571245,@463256642163234 @403780272519270 Yung Sam Versoza na lang iboto ng mga Manileño.  Isko is no better than her,0,0,2,0,33,0,2025-01-13 11:45:21+00:00,tl,True,318408173937550,463256642163234,71322216688122,False,1
434701104161221,@460436796410133 Sa susunod huwag nyo ng iboto ang mga ganyang politiko.,0,0,0,0,290,0,2025-01-22 23:39:12+00:00,tl,True,170528407701091,460436796410133,570729729673886,False,1
796347479902705,"@670169141500826 @460436796410133 Mas kailangang bumoto ng mga matitinong tao ngaun para hindi na dumami ang mga walang kuwentang senador o congressman,need talunin ng kabutihan ang kasamaan kc kung hindi, saan tayo pupulutin,kawawa ang mga kabataan kakalakihan nila ang mga corrupt n politiko",0,0,0,0,8,0,2025-01-22 17:14:59+00:00,tl,True,170528407701091,670169141500826,53997927097508,False,0
283891976751974,@670169141500826 @460436796410133 Kung hindi ka boboto kunin nila yong boto mo at ilagay nila sa kanila,0,0,0,0,6,0,2025-01-23 01:54:10+00:00,tl,True,170528407701091,670169141500826,546136070833152,False,1
975884971147518,@388043756860081 Pero pag nanalo sya sa halalan. Iyak pa rin kayo?🤪🤪🤪🤪🤪🤪🤪,0,0,0,0,12,0,2025-01-24 13:02:32+00:00,tl,True,877009595201170,388043756860081,88987228372981,False,1
904901272571459,"@388043756860081 maganda adhikain ng partylist, binaboy lng sa dutertard admin, yang duterte youth, si cardema, si marcoleta, wla nmang nire-represent yan, para lng magkapwesto sa congress pinayagan ng comelec.",0,0,1,0,9,0,2025-01-25 08:40:49+00:00,tl,True,877009595201170,388043756860081,496115917338911,False,1
575283310933943,@388043756860081 Huwag iboto 'yan.,0,0,0,0,45,0,2025-01-24 00:31:07+00:00,tl,True,877009595201170,388043756860081,697928393795930,False,1
514035507004858,"@17206896528823 Alam nyo na mga kababayan ko sa laguna wag iboto ang taong ito nagpapakitang gilas lang, alam nya kasi ndi n sya mananalo inutil kasi sya, tanga at bobo nlang tlaga ang boboto ky dan fernandez",0,0,0,0,15,0,2025-01-16 00:13:47+00:00,tl,True,933802667943275,17206896528823,250403433009076,False,1
199692977892332,"@17206896528823 Pwede nman syang iboto, mga 10 at kalahati🤣🤣🤣",0,0,1,0,17,0,2025-01-15 21:26:21+00:00,tl,True,933802667943275,17206896528823,753368341436248,False,1
709632140870722,@278048509606556 @552630089176844 Sa totoo Lang hindi naman kailangan ng batas para sa anti dynasty kasi nasa kamay naman ng mga botante kung Sino boboto nila. Kung matalino kang botante at nakita mo napakadaming pare parehas Ang apelido sa balota mag isip isip ka na.,0,0,0,0,26,0,2025-01-28 15:11:52+00:00,tl,True,541620404071669,278048509606556,767742810674152,False,2
485259238832537,@552630089176844 Binarayan ang comelec siguro kaya confident to win kahit ang bastos,0,0,0,0,7,0,2025-01-27 15:04:52+00:00,tl,True,541620404071669,552630089176844,503405473148368,False,1
125037356907973,"@552630089176844 sino ang baboy na ito? kung politiko ito, huwag nang iboto. balasubas ang bibig. huwag kayong magmalinis. huwag ninyong sabihin na marumi ang isip ko dahil marumi talaga ang pakay ninyong pagpatawa. kung politiko ka, itaas mo naman ang kalidad ng lalabas sa mabahong bibig mo.",1,1,6,0,432,0,2025-01-25 06:33:52+00:00,tl,True,541620404071669,552630089176844,925279596835042,False,1
656095304843294,"@552630089176844 Politicong nagpapatawa makabingwit lang ng pwesto- ayaw o di kaya bigyan solusyon sa naramdamang kahirapan sa buhay ng 1/3 populasyon ng region (PSA 2024). 
(Di pa counted epekto ng mga bagyo sa 2024.)

Bicolanos kelangan magsubok ng ibang iboto.

https://t.co/mZfAKRUfcw https://t.co/duiKvYPbKf",0,0,2,0,165,0,2025-01-25 23:30:06+00:00,tl,True,541620404071669,552630089176844,102756442197378,False,1
510200567988180,@402001235027519 @734535343738259 @79347498367032 @972890161400492 Sino boboto kay leni? Yung mga may utak na katulad ko! Yung mga bumoto sa UNITEAM. Mga walang kokote! AT IKAW ay walang KOKOTE!🤪🤪🤪🤪🤪,0,1,1,0,9,0,2025-01-09 17:21:07+00:00,tl,True,751018405428358,402001235027519,88987228372981,False,1
475196315971650,@402001235027519 @734535343738259 @79347498367032 @972890161400492 Natalo si leni. Binoto mo yung maling tao. Sinong nakikita na TANGA dahil bumoto sa maling tao? IKAW!!!🤣🤣🤣🤣🤣🤣🤣🤣,0,1,2,0,10,0,2025-01-09 17:15:40+00:00,tl,True,751018405428358,402001235027519,88987228372981,False,1
891580484447089,@402001235027519 @734535343738259 @79347498367032 @972890161400492 Dahil hindi naman sya ang tinitira ng idolo mong si DUTAE!🤣🤣🤣🤣🤣 BTW. Bago yang halalan 2022. Hinamon ni trillanes na magpadrug test silang dalawa para malaman kung sino sa kanila ang adik. Nauna si trillanes. Nasaan yung sa idolo mo?🤪🤪🤪🤪🤪 https://t.co/1nCF5YmsPS,0,2,2,0,29,0,2025-01-09 17:55:23+00:00,tl,True,751018405428358,402001235027519,88987228372981,False,1
594965107288102,@702024198718882 @304193516099150 Iboto mo kasi bobo ka,0,0,0,0,2,0,2025-01-27 14:12:17+00:00,tl,True,829414153345606,702024198718882,549922744516785,False,1
677435159424788,"@304193516099150 Wag nyo ng dagdagan si robin padilla, si bato? Wala n yan, kakalawitin n ng interpol yan 😆. Si bong go? Medyo p yan pero baka isa rin sa kakalawitin ng icc yan haha. In short wag ng maging tanga para bumoto p ng mga tuta ng duterte pwe!",0,0,0,0,15,0,2025-01-27 03:37:07+00:00,tl,True,829414153345606,304193516099150,118290583702511,False,1
294455157845565,"@304193516099150 Kahit sino iboto natin, walang pagbabago ang pinas , kahit magaling ang senado at presidente kung ang nasa baba ang salot dun magsisimula ang kahirapan",0,0,0,0,6,0,2025-01-28 00:06:57+00:00,tl,True,829414153345606,304193516099150,429899735329981,False,1
954940244263327,@304193516099150 sila ang dapat iboto,0,0,0,0,23,0,2025-01-27 21:35:18+00:00,tl,True,829414153345606,304193516099150,762908493044115,False,0
382256908556300,"@304193516099150 Tama! Huwag iboto ang mga makada-dagdag pang mga salot sa senado!!!!! At sa susunod pang mga eleksyon ay tanggalin ang mga natitira  pang salot na bobo, kawatan at oportunistang senador.",0,0,1,0,110,0,2025-01-27 00:28:45+00:00,tl,True,829414153345606,304193516099150,554423716436549,False,1
90571327678509,@260504858714783 Naniwala ba talaga kayo na nanalo si bong go at bato Dela Rosa nung eleksyon? Di kailangan sobrang talino pero mga TANGA lang naniwala.. kaya babaalik na naman tayo sa comelec.. sa palagay nyo?,0,0,1,0,11,0,2025-01-21 08:27:33+00:00,tl,True,192254287922271,260504858714783,421913166744810,False,1
379179651060353,"@260504858714783 Bayan, magkaisa huwag iboto mga DDS.",0,0,0,0,14,0,2025-01-20 20:54:37+00:00,tl,True,192254287922271,260504858714783,213788863930666,False,1
917105107443197,"Pinal na listahan ng mga kandidato sa May 2025 Election, inamyendahan ng @690883004797923 

#Balansyado",0,1,0,0,25,0,2025-01-21 09:18:37+00:00,tl,True,334535855797414,982646580214281,982646580214281,False,2
886120038913850,"@82798549556190 @690883004797923 @82798549556190 sa pag-postpone ng pag-iimprenta bukas: Dahil sa announcement ng Kataas-taasang Hukuman na mayroong TRO sa isang national candidate sa senador at sa local candidate sa Albay, hindi po tayo matutuloy sa ating pag-iimprenta bukas. Maaaring sa Sabado na.

#Balansyado",1,1,0,0,154,0,2025-01-21 09:32:58+00:00,tl,True,334535855797414,982646580214281,982646580214281,False,2
952109963168304,@266253647829040 @221004166617710 Yong ngcocomment tayu ng Nogales tayu Pero di natin naalala na di pla tayu botante ng Davao🤣saklap kaugalian ng mga duwag na Pinoy pra LNG my ma comments https://t.co/uTgncosas8,0,0,0,0,36,0,2025-01-28 13:57:25+00:00,tl,True,264952969686109,266253647829040,21699048119096,False,1
442775862360041,@221004166617710 It's just a ploy of the surveyor once the Komolek woke up the 31m SD voters then balik na naman  ang paghihirap ng mga Pinoy.. Dapat bantay sarado ang Komolek sa darating na halalan!,0,0,0,0,5,0,2025-01-30 07:11:15+00:00,tl,True,264952969686109,221004166617710,894174708325111,False,1
593211399011175,@460436796410133 ano pa bang ine-expect natin sa isang Robin Padilla? Magaling sa umaksyon sa palabas yan pero sa totoong buhay? Nvm 🤷 Isinusumpa ko lahat ng bumoto sa taong 'to.,0,0,2,0,13,0,2025-01-13 08:38:43+00:00,tl,True,266640861349431,460436796410133,893995193856557,False,1
276146294067056,@460436796410133 Tangina kasi ng mga bumoto jan palamunin amputa.,0,0,0,0,2,0,2025-01-13 18:08:41+00:00,tl,True,266640861349431,460436796410133,434842883427259,False,1
529941502106132,"@610692838172765 Thank po NASA langit.
I hope LAHAT po Ng mga galamay na takbo senator hnd sila mapili Ng mamamayan iboto po.",0,0,0,0,112,0,2025-01-16 11:14:20+00:00,tl,True,240818802255571,610692838172765,275158599664798,False,1
892373126666349,@610692838172765 Sana hindi lang sa mga survey sila malaglag maging sa oras ng halalan na din.,0,0,2,0,595,0,2025-01-16 13:59:04+00:00,tl,True,240818802255571,610692838172765,900545710896573,False,1
784978558523600,@610692838172765 Huwag ng iboto ang mga yan. Pati c bong revilla. Dynasty mga revilla.,0,0,2,0,133,0,2025-01-16 22:29:09+00:00,tl,True,240818802255571,610692838172765,420302101445466,False,1
669548633900719,@368420188455775 Tanga ang Comelec pero mastanga ka. Poh taenamo. Bwak Bwak Bwak,0,1,0,0,88,0,2025-01-22 14:20:57+00:00,tl,True,414695007873356,368420188455775,975404515899393,True,1
701198853945590,@975404515899393 ano magagawa mo kung yan ang ni rehistro nya na maging pangalan bilang kandidato sa comelec!,0,0,0,0,17,0,2025-01-23 11:08:30+00:00,tl,True,414695007873356,975404515899393,368420188455775,False,1
736772081467914,@975404515899393 Kahit ano nr niya kung ayaw nyo iboto wala din yan sa tao bayan .. kung bkit tanungin nyo kung magkano na ang tongpats sa Komolek para nauna!,0,0,0,0,38,0,2025-01-23 13:05:33+00:00,tl,True,414695007873356,975404515899393,894174708325111,False,1
592831202372049,"@975404515899393 Ang bobobo! walang nakaka kita sa comelec? di ba dapat maraming proof reading ang gagawin
bago mag print? Gastos ng gastos! Pera namin iyan!",0,0,0,0,24,0,2025-01-23 12:18:43+00:00,tl,True,414695007873356,975404515899393,799167082304667,False,1
803958598152101,"@742776083943287 pag yan di nakapasok at nakapasok muli sila bato, go at dumagdag yang ipe at willie revillame.. abah wala na talagang lunas ang sakit sa utak ng mga pilipinong botante.",1,0,1,0,42,0,2025-01-30 11:10:25+00:00,tl,True,348155009226183,742776083943287,618317686459971,False,1
267501888439463,"@742776083943287 May plano, kikilos, at ang puso ay tunay na para sa bayan. Kayo po ang number 1 senator ko sa dadating na halalan!",0,0,1,0,46,0,2025-01-29 13:13:37+00:00,tl,True,348155009226183,742776083943287,853651785321988,False,0
137720594912617,@995120649715525 Magkano ang Tong? Itong mga senador na walang silbi ang dapat mawala sa susunod na halalan.,0,0,2,0,88,0,2025-01-28 04:54:24+00:00,tl,True,708282633067181,995120649715525,791391509587212,False,1
508938005152822,@995120649715525 Pambansang oportunista itong si Tolentino. Huwag iboto.,0,0,0,0,6,0,2025-01-28 21:18:13+00:00,tl,True,708282633067181,995120649715525,365733971960733,False,1
635762151016226,@995120649715525 huwag iboto si tolentino traydor ang politikong ito,0,0,1,0,6,0,2025-01-29 09:00:18+00:00,tl,True,708282633067181,995120649715525,536695480593751,False,1
34910422098185,@995120649715525 wag iboto mga traydor na yan,0,0,0,0,4,0,2025-01-28 14:14:13+00:00,tl,True,708282633067181,995120649715525,776616909597959,False,1
702970381486992,"@518427273508169 Eto ekis na mga Senador. Wag iboto kung gusto natin tumino ang gobyerno. Para sa kinabukasan ng susunod na henerasyon. TAG mo na, Transparency’s, Accountability sa Gobyerno. https://t.co/E6SzaULmja",0,0,0,0,4,0,2025-01-25 00:29:16+00:00,tl,True,157272680252691,518427273508169,227626817506834,False,1
781054232518051,"@518427273508169 Magandang mga salita yan, subalit maraming mahihirap doon sa probensiya: doon malakas ang mahika-blanka - iilan ang nakakasubaybay nang kaganapan sa Maynila (Malacañan Palace) Pagsapit nang araw ng halalan, ay siya - nag-aantay ng grasya mula sa mga minions ng Admin. 🎯🎯🎯",0,0,0,0,53,0,2025-01-24 02:08:51+00:00,tl,True,157272680252691,518427273508169,723941607141922,False,1
793432096364255,@460436796410133 Eh kun dito pa lang sa balota may dayaan na dun pa kaya sa actual na bilangan. Naku Comelec umayos kayo parang awa nyo na!,0,0,0,0,18,0,2025-01-24 04:29:06+00:00,tl,True,937979514706867,943633757449058,943633757449058,False,1
190978756130877,"@460436796410133 Para malagay agad sa balota, galing ng diskarte. Still, di sya dapat iboto. Enough of him already.",0,0,1,0,27,0,2025-01-24 04:10:11+00:00,tl,True,937979514706867,460436796410133,50028885113927,False,1
73601038640296,@460436796410133 Walang pangil ang comelec  bow lang ng bow.,0,0,1,0,32,0,2025-01-24 22:30:14+00:00,tl,True,937979514706867,460436796410133,135008088091792,False,1
906828770000732,"@460436796410133 The real and puzzling question is how COMELEC allowed that. Dapat talaga taasan at maging strict ang qualifications for candidacy, baguhin ang clause sa constitution pagdating sa requirements. Ang kapal ng face talaga. Kung may pakielam talaga sya sa mga Pilipino, he won't run.",0,0,1,0,146,0,2025-01-24 01:50:00+00:00,tl,True,937979514706867,460436796410133,453836684166219,False,1
116991517541619,@460436796410133 Daming kagaguhan ang comelec talaga!,0,0,2,0,95,0,2025-01-23 23:44:23+00:00,tl,True,937979514706867,460436796410133,568164193633781,False,1
479941738320736,@460436796410133 bayad na naman ang comelec sa kabobohan na ginawa nila,0,0,7,0,489,0,2025-01-24 01:02:53+00:00,tl,True,937979514706867,460436796410133,503414768925286,False,1
418975677940327,@589029215591253 Mga hindi dapat iboto.,0,0,0,0,78,0,2025-01-18 05:33:03+00:00,tl,True,556398451698697,589029215591253,489278981540702,False,1
657741360128423,@136602444931068 @589029215591253 Dapat iboto ang Tao na tapat sa tungkulin at hindi Hayop katulad ng Buwaya na lalamon ng mga pera sa gobyerno!,0,0,1,0,22,0,2025-01-17 23:48:21+00:00,tl,True,556398451698697,136602444931068,160150295118500,False,1
587406434021217,"@589029215591253 Hirap oaniwalaan na paglilingkod sa bayan ang motibo kung ganyan kalaki ang ginagastos sa halalan pa lang, san nila babawiin yan kundi sa Kupit!",0,0,0,0,8,0,2025-01-17 13:14:50+00:00,tl,True,556398451698697,589029215591253,4118853075508,False,1
441057022242255,"@589029215591253 Yung gumagastos sa ads ng malaki, yan ang didikwat ng kaban ng bayan. Saan nila ababwiin ang gastos na yan? Mga walang napatunayan kaya pinapakilala ang sarili kaya dapat wag na iboto.",0,0,0,0,7,0,2025-01-18 04:46:18+00:00,tl,True,556398451698697,589029215591253,358812287687479,False,1
99406590046561,"@460436796410133 Tuwang-tuwa na naman ang China at mga POGO. 

Mga kandidato ni XiJinPing yan. 🥳

#Halalan2025 https://t.co/f5RV8HbAbg",0,0,8,0,302,0,2025-01-30 05:30:03+00:00,tl,True,168592813282901,460436796410133,64899621260454,False,1
380876266264554,@460436796410133 Call it losing circle. Talong talo ang Pilipinas sa mga yan. Tang*na mga pinoy talaga bobong botante. D rin natoto. Kung sino lang kilala yun ang iboto,0,0,4,0,431,0,2025-01-30 06:22:58+00:00,tl,True,168592813282901,460436796410133,100508313151583,False,1
246084017838457,"JUST IN: Inanunsiyo ng Commission on Elections (Comelec) na sisimulan na muli bukas ng hapon, Jan. 24, ang pag-iimprenta ng mga balota—kasama na ang 12 pangalan ng mga kandidatong ipinasasama ng Korte Suprema.

1/2 https://t.co/zMvFlt757Z",0,1,0,0,175,0,2025-01-23 03:59:36+00:00,tl,False,246084017838457,,701710453575340,False,2
224094053621401,"Nakatakda ring ilabas ng Comelec ang bagong 1667 ballot faces na makikita sa website ng ahensiya. | via Louisa Erispe

2/2",0,0,1,0,116,0,2025-01-23 03:59:37+00:00,tl,True,246084017838457,701710453575340,701710453575340,False,2
91372737397986,"@325002683734926 @150894323973446 Mananalo yan ... di naman pinalitan ang Comelec puro taga Davao pa din  , yan si Garcia appointee ni Duterte yan .. tapos si Dennis Uy padin ang logistic ..",0,0,0,0,6,0,2025-01-27 15:30:42+00:00,tl,True,873604788552359,325002683734926,508174333194116,False,1
11009779618851,@325002683734926 @150894323973446 Mga tanga lang ang boboto dito. Maawa kayo sa Pilipinas. Wag bumoto ng ganitong mga kandidato.,0,0,0,0,16,0,2025-01-28 14:53:42+00:00,tl,True,873604788552359,325002683734926,330790963976435,False,1
7615102566380,"@79347498367032 Wanted ng FBI.
Bakit mo naman sasayangin boto mo dyan?",0,0,0,0,68,0,2025-01-20 14:54:26+00:00,tl,True,979440834970303,607890225586130,500445945093556,False,1
180338599167851,@79347498367032 Sna tingnan natin background ng kandidato bago bumoto,0,0,0,0,32,0,2025-01-21 05:09:27+00:00,tl,True,979440834970303,79347498367032,890725129966397,False,2
769832466818924,@79347498367032 IBOTO NYO ang Rapist na ito at dalhin natin sa Kangkungan kasama ni @79347498367032 hahaha magkaisa na lahat laban sa mga Dutae at Quiboloy...,0,0,1,0,13,0,2025-01-20 22:45:09+00:00,tl,True,979440834970303,79347498367032,120994859510299,False,1
302625758425020,@325002683734926 @503443143864175 yang si padilla dapat din ibasura or e zero sa halalan...sayang ang sweldo nya?!?!!!!,0,0,0,0,2,0,2025-01-13 18:13:41+00:00,tl,True,472313781196116,325002683734926,258774292224465,False,1
726082229346904,@325002683734926 @503443143864175 Huwag na po bumoto ng mga bobo kagaya ni Robin Padilla. Sayang angbpa sweldo sa mga kagaya niya,0,0,0,0,8,0,2025-01-14 02:31:58+00:00,tl,True,472313781196116,325002683734926,584279853460605,False,1
116028518526224,@325002683734926 @503443143864175 dapat eto una matangal eh! walang ginawa kundi mag patubo ng bigote sa senate! Hoy! pasahod ka ng taong Bayan! hilig kasi ng pinoy bumoto ng ganitong uri ng trapo!,0,0,0,0,14,0,2025-01-13 08:22:36+00:00,tl,True,472313781196116,325002683734926,227869236617918,False,1
625636097261502,@325002683734926 @503443143864175 Reflection talaga ni Robin yung mga bumoto sa kanya; pare-parehas lang mga bobo. 👊🤡,0,0,0,0,8,0,2025-01-13 09:18:12+00:00,tl,True,472313781196116,325002683734926,216479336279272,False,1
871822112965284,"@712691076616112 @147262600591990 Baka po naisip nila na sa patuloy nilang pag cnungaling ma olats ung 2 nila po kandidato, medyu parang malakas ang kLaban ehh #BOYCOTTEatBulaga1419
Dapat pag namigay ng pera dahil paldo palfo cla ehh di kunin ang pera pero iba ang iboto #BOYCOTTEatBulaga1419
 #notosoloproject",15,1,5,0,94,2,2025-01-27 08:20:17+00:00,tl,True,922245683897981,712691076616112,791755979244091,False,1
594318319137419,"@791755979244091 @712691076616112 Correct ka Jan Pera Pera Ngayon tapos iba Ang iboto 😂😂 

#BOYCOTTEatBulaga1419",5,0,0,0,33,0,2025-01-27 10:30:02+00:00,tl,True,922245683897981,791755979244091,147262600591990,False,1
160267293056037,"@325680252986141 Wag nyo ng iboto sila Lito Lapid Bong Revilla, Ping Lacson, Imee Marcos! Mga wala namn nagawa sila",0,0,0,0,69,0,2025-01-30 11:25:55+00:00,tl,True,820437093432054,325680252986141,9310479817201,False,1
460474880782276,@325680252986141 Grabe na talaga ang mga botante wala na chance ang pinas.😢😢😢,0,0,2,0,902,0,2025-01-30 10:16:43+00:00,tl,True,820437093432054,325680252986141,74220454350412,False,1
685037567178282,"@325680252986141 Kainis naman, 'yung nameke ng docs para makapunta ng US iboboto pa nyo? Tapos 'pag kayo nakitaan lang ng inconsistencies sa legal docs nyo, ma-ho-hold or may add'l expenses just to get things right. Ano ba, mga botante?",0,0,15,0,3585,0,2025-01-30 05:48:19+00:00,tl,True,820437093432054,325680252986141,686197528160136,False,1
819285750232622,@325680252986141 Kelangan talaga muna maging celebrity at maging popular. Bwesit! Tinatamad na talaga mag background check ang mga botante sa ibang kandidato. Kung sino kilalang personalidad hala sige! Wala na chance ang Pinas!,0,0,0,0,82,0,2025-02-01 00:38:47+00:00,tl,True,820437093432054,325680252986141,575322902345587,False,1
276659806510670,"Kung maipapasa, 10 araw bago sumapit ang Mayo 12, ipagbabawal na ang pamahahagi ng ayuda partikular na ang cash, transportation, at education allowance.

Ayon pa sa Comelec, maaring  maharap sa disqualification ang kandidatong hindi tatalima sa naturang panuntunan.

(3/3)",0,1,0,0,133,0,2025-01-23 10:18:47+00:00,tl,True,133181427365151,701710453575340,701710453575340,False,2
627047624166269,"[...] at Assistance to Individuals In Crisis Situations (AICS) ng DSWD—na una nang in-exempt ng Komisyon.

Anila, ito ay upang gawing patas ang halalan at maiwasan ang pagkakaroon ng ""undue advantage"" ng mga kakandidato.

(2/3)",0,1,0,0,36,0,2025-01-23 10:18:47+00:00,tl,True,133181427365151,701710453575340,701710453575340,False,2
309102187603377,@509428916202013 Yung mga life size posters and props ng Comelec Chairman nung Filing of Candidacy lang ang accomplishment ng ahensya,0,0,0,0,16,0,2025-01-21 01:57:10+00:00,tl,True,734815286454171,509428916202013,925460399692555,False,1
972710720834553,@509428916202013 Pwede ba out of pocket muna ng opisyal ng COMELEC ang gastos sa election para maisipan nila na magtipid sa pera.balewala sa kanila yung  perang nasasayang sa kapalpakan nila.,0,0,0,0,20,0,2025-01-20 21:38:27+00:00,tl,True,734815286454171,509428916202013,289260005073071,False,1
58244900857005,@676412178050337 Best of luck sa mga senador na nangunguna. Sana tuloy2x ang suporta ng mga taumbayan hanggang sa araw ng botohan. Naway maipakita pa ninyo na karapatdapat kayong manilbihan sa bayan.,0,0,0,0,7,0,2025-01-25 03:50:35+00:00,tl,True,471792349724104,676412178050337,107138389263372,False,0
377531003663257,@676412178050337 For me Dapat lang tlag na iboto ất number 2 c bong Go ang laki ng naitulong nya sa amin sa pmmagitan ng malasakit nya,0,0,0,0,4,0,2025-01-25 13:27:31+00:00,tl,True,471792349724104,676412178050337,619394252381246,False,0
711581867701780,"@777806020650987 @676412178050337 YES, pero dapat alam naman kung sino talaga ang dapat iboto sa hindi",0,0,0,0,2,0,2025-01-30 07:20:32+00:00,tl,True,471792349724104,777806020650987,676511107673147,False,0
184744662569730,"@403780272519270 May???  Wala na naman yan, Comelec!",0,0,0,0,218,0,2025-01-24 02:12:45+00:00,tl,True,743374638152911,403780272519270,728664393362487,False,1
863551232853725,@403780272519270 Naku sbi nio lng yan!!! Dpat I require nio yan kpg hindi umattend disqualified agad!!! Ganern un comelec!!! Enough n ng mga jingle at ads ng candidates!!! They to speak up mgpakilala sila thru debate!!! Eme 😂😂😂,0,0,0,0,276,0,2025-01-24 05:27:34+00:00,tl,True,743374638152911,403780272519270,295277533198405,False,1
103792671568648,@403780272519270 Asa ka oa sa Comelec!,0,0,0,0,21,0,2025-01-24 02:54:41+00:00,tl,True,743374638152911,403780272519270,433595592294271,False,1
22602985340453,"@403780272519270 Kahit hindi na, alam naman namin kung sinu-sino yung mga tanga, bobo, korap at pabida! Kayo na nasa comelec, pagbutihin nyo na lang ang trabaho ninyo para hindi kayo nagagamit ng mga politikong mga ungas para magdagdag-bawas!",0,0,0,0,15,0,2025-01-24 03:58:55+00:00,tl,True,743374638152911,403780272519270,71730176023750,False,1
882749660047550,@403780272519270 Mas maganda yung mga hindi pupunta sa debate alisin agad bilang isang kandidato para hindi magkaalaaman na kung sino ang talagang dapat iboto ng taongbayan,0,0,17,0,478,0,2025-01-24 02:30:42+00:00,tl,True,743374638152911,403780272519270,622196094550193,False,1
6773055795652,@403780272519270 Pano yung nanalo with 31M? Sadyang maluwag ang comelec nun.,0,0,0,0,51,0,2025-01-24 04:36:16+00:00,tl,True,743374638152911,403780272519270,895490487390346,False,1
129465715857198,"Ibinalita ni COMELEC Chairman George Garcia na matutuloy na ang mock elections sa paparating na Sabado gamit ang mga test ballots. 

[1/2] https://t.co/R5iXuEkIaG",1,1,1,0,16,0,2025-01-22 08:11:47+00:00,tl,False,129465715857198,,977770615637911,False,2
549681536381524,"Ayon kay Garcia, mayroon nang itinalagang mga lugar sa buong bansa maging sa abroad kung saan magaganap ang nasabing mock elections. | via @99474714870421 ,IBC News

[2/2]

#IBCTV13 #IBCDigital #COMELEC #MockElections",0,0,1,0,11,0,2025-01-22 08:11:47+00:00,tl,True,129465715857198,977770615637911,977770615637911,False,2
256745954704628,@870393445806201 What's your point po? Mga non-INC po ang nagluklok sa kanila. Gratitude post po ba ito?  Hindi ba dapat magpapasalamat kayo sa mga non-INC na bumoto sa kanila kahit hindi naman namin alam na INC sila? Pag bumuboto po ba kayo do you consider their religion? Kasi we don't.,0,0,0,0,5,0,2025-01-13 21:15:32+00:00,tl,True,663306068115430,870393445806201,10735994708967,False,1
151134154481115,@870393445806201 itong INC.orporated ay isang oportunistang kulto .Alam nila kung sino iboboto base sa national survey...kung sino ang nasa top list yan ang iuutos ng tagapangasiwa nila para iboto. Kahit alam nilag masamang tao ang kandidato. Kaya kapag nanalo BAYAD utang si politiko. haysh haha,0,0,0,0,71,0,2025-01-13 13:35:56+00:00,tl,True,663306068115430,870393445806201,306291119377007,False,1
500606983518027,@870393445806201 Inutos na iboto ng mga kulto si Robin Padilla at iba pa.  Ayan Kaya basura ang dating ng senado,0,0,1,0,46,0,2025-01-13 19:48:07+00:00,tl,True,663306068115430,870393445806201,497595692345861,False,1
52946454679767,@870393445806201 Nakakalimutan ata ng mga bobong ddshits na hindi lang INC ang bumoto sa nanalong sinasabi mo 😆 tandaan mo sanib pwersa pa nung panahon na yan ang ddshits at marcos supporters.,0,0,1,0,19,0,2025-01-13 17:12:58+00:00,tl,True,663306068115430,870393445806201,180819404824754,False,1
627288082839690,@870393445806201 2.8 m lang ang members pero aakuin nyo na kayo nagpapanalo sa kanila? Inc ba lahat ng 27M na bumoto?,0,0,0,0,2,0,2025-01-13 17:53:45+00:00,tl,True,663306068115430,870393445806201,299556350090790,False,1
83371242096816,@771634201586836 @951392445303700 Andami pa ding mga BOBO na botante...yung mga BUGOK na nsa Senado hinahayaan pang mkapasok...,0,0,0,0,305,0,2025-01-31 02:53:56+00:00,tl,True,970798530266404,771634201586836,451775491315702,False,1
121146760112163,"@771634201586836 @951392445303700 Kung binoto si Chel ng lahat ng bumoto ke Leni, nasa senado na sana si atty. So anyare?",0,0,0,0,13,0,2025-01-31 16:16:11+00:00,tl,True,970798530266404,771634201586836,411252030129133,False,1
216188193894016,@771634201586836 @951392445303700 Wag iboto ang candidates ng pdp na walang laban na pro china at mga tulfo lalo na si Erich Sylvestre Tulfo na isang american citizen. Kaloka bilyon gastos ng villar di nakapasok😨.,0,0,0,0,17,0,2025-02-01 01:29:33+00:00,tl,True,970798530266404,771634201586836,620194396252301,False,1
991086039769761,"INANUNSIYO ng Commission on Elections na mananatili ang pangalan ni Luis “Chavit” Singson sa mga opisyal na balota ng #Halalan2025 sa kabila ng pag-atras nito sa pagtakbo bilang senador, Enero 14. 

| mula ABS-CBN News https://t.co/En2gCOSPPa",0,1,0,0,147,0,2025-01-14 05:45:18+00:00,tl,False,991086039769761,,509449696234417,False,2
825580682910646,Matatandaang binawi ni Singson ang kaniyang kandidatura buhat ng inihayag na isyung pangkalusugan.,0,0,0,0,50,0,2025-01-14 05:45:19+00:00,tl,True,991086039769761,,509449696234417,False,2
449873933459996,"PANOORIN: Nagpatuloy na ang pag-imprenta ng National Printing Office at Commission on Elections sa mga balotang gagamitin sa #Halalan2025 ngayong araw, Jan. 27. | Nayomi Almojano #BalitangA2Z #BantayBoto2025 https://t.co/BEQggY6eRd",0,1,0,0,28,0,2025-01-27 05:16:02+00:00,tl,False,449873933459996,,734431080412180,False,2
208597733276565,Target ng #COMELEC na tapusin ang printing sa orihinal na timeline nitong April 14 kahit pa tatlong linggo itong nahinto. | Nayomi Almojano #BalitangA2Z #BantayBoto2025,0,0,0,0,10,0,2025-01-27 05:16:03+00:00,tl,True,449873933459996,734431080412180,734431080412180,False,2
99743417029485,"@458651863842986 Kaso 8080 karamihan sa mga botante. Idedefend na naman nila yan for sure, kesyo madaming natulungan, kesyo madami pa jan mas malala ang ginawa etc...

Haysh",0,0,0,0,16,0,2025-01-30 00:12:38+00:00,tl,True,901326155412252,458651863842986,562984703379255,False,1
920144067407626,@458651863842986 BAKET GANITO SA  PILIPINAS? MADAMING GALIT SA GANITONG KLASENG MGA TAO TAPOS PINAPAPANALO PA RIN PAG KUMANDIDATO SA ELECTION. nagkaka ALZHEIMER ba ang mga botante pagdating sa botohan?,0,0,0,0,4,0,2025-01-29 04:33:35+00:00,tl,True,901326155412252,458651863842986,697785462142472,False,1
790550550970374,@458651863842986 Abusado pero kung ordinaryong Pilipino pahiya pa yan at kulong. Isa sa patabaing baboy sa hor ng taxpayers wag iboto,2,0,12,0,433,0,2025-01-29 22:12:00+00:00,tl,True,901326155412252,458651863842986,673613534825983,False,1
950411719986866,"@458651863842986 Oh so kapag hindi nahuli, okay lang gumawa ng mali 👀 gotcha mga Tulfo... paulit ulit nang ginawa..wag na kasing iboto tong mga basurang to",0,0,0,0,10,0,2025-01-29 14:34:07+00:00,tl,True,901326155412252,458651863842986,519114660448339,False,1
338748297335388,"@403780272519270 Tinalakay ni Atty. Ona Caritos, executive director ng LENTE, ang mga batas at isyu tungkol sa eleksyon at pangangampanya.

@403780272519270 #iTsekAngBoto #Halalan2025 https://t.co/vVBUcdAZpy",0,1,1,0,52,0,2025-01-24 07:01:44+00:00,tl,True,475605480726984,368659257787499,368659257787499,False,2
507038833662840,"Pinangunahan ni Dr. Marvin Reyes ng San Beda University ang event ngayon.

@403780272519270 #iTsekAngBoto #Halalan2025 https://t.co/UxEksH2RAF",0,1,1,0,108,1,2025-01-24 03:31:57+00:00,tl,True,475605480726984,368659257787499,368659257787499,False,2
540760477258389,"@403780272519270 Sinong honest ang massalba? Kawawa naman ang magging biktima ng political agenda ng any administration. Kung sana independent body ang justice, comelec , ombudsman, eh lahat reporting to presodent, ganun rin",0,0,0,0,3,0,2025-01-23 09:09:11+00:00,tl,True,297344001838459,403780272519270,476990712315775,False,1
431641545069730,"@403780272519270 Alam nyu ba na itoy pakulo lamang ng mga 🐊?
Paano Sila mgpanukala ng Isang batas na palapit na Ang election? 
Para botohan Sila? 
Yung pakulo nga ni Estella na LAHAT ng SC mayaman o mahirap my 1k Hindi yan matutupad dahil pakulo lang. 
Sen. Bato nag sponsor na yan",0,0,0,0,4,0,2025-01-22 22:25:58+00:00,tl,True,297344001838459,403780272519270,320831589322463,False,1
369361841723760,@403780272519270 Sayang pinapasahod Kay bato..wag nang iboto,0,0,0,0,9,0,2025-01-24 11:21:55+00:00,tl,True,460872799213395,403780272519270,60401057438585,False,1
340986452369128,"@403780272519270 Please, mga kababayan. Panahon na para isipin Naman nating ang ating kapakanan at hindi kapakanan ng mga walang kwentang kandidato ang laging nananalo. Iboto nating ang mga qualified at may totoong malasakit na maging lawmakers natin. 🙏🏻",0,0,4,0,56,0,2025-01-24 06:06:22+00:00,tl,True,460872799213395,403780272519270,768624854436033,False,0
445175763355949,"@589029215591253 Ang nakakainis dyan ung mga may sinasabing tama sa debate, sila ung ayaw ng masang pinoy.
Makikita sa iboboto ung kalidad ng prinsipyo
Kaya ung mga bumoto sa unity last time, tignan mo sila, away away na
Wala kasing matinong prinsipyo
#kailankayomatututo?",0,0,0,0,10,0,2025-01-25 18:54:20+00:00,tl,True,741666207442108,589029215591253,166700711935953,False,1
608125152607910,@589029215591253 Wala namang nagawa Ang comelec kung ayaw ng kandidato Sa debate puro lang cla ngawa. In fairness Marami mayaman Sa kanila😂,0,0,0,0,2,0,2025-01-25 18:46:48+00:00,tl,True,741666207442108,589029215591253,73745058819813,False,1
296534489967574,@589029215591253 Basta sya ang Comelec Commissioner di ako boboto.,0,0,0,0,20,0,2025-01-25 13:47:09+00:00,tl,True,741666207442108,589029215591253,147370248373208,False,1
919898038505210,@589029215591253 Hindi ka na credible Garcia @690883004797923. Bakit Hindi Ang comelec Ang magsagawa ng Isang debate para sa mga senatorial candidate and on the spot kapag Hindi dumating Ang kandidato eh disqualify nyo kaagad. LOKOHIN mo Ang sarili mo Garcia.,0,0,0,0,15,0,2025-01-25 10:52:55+00:00,tl,True,741666207442108,589029215591253,920652244869747,False,1
739931680934176,@589029215591253 Dapat ang Comelec may ginagawa sa mga tulad nito puro bunganga lng kasi https://t.co/bdlC994qRE,0,0,0,0,4,0,2025-01-26 12:18:44+00:00,tl,True,741666207442108,589029215591253,817761368092257,False,1
557005666255713,"Target ng ahensya na makapag-imprenta ng 1.5 milyong balota kada-araw na siyang inaasahang matapos sa Abril 14. | via @99474714870421 ,IBC News

[2/2]

#IBCTV13 #IBCDigital #COMELEC #Halalan2025",0,0,0,0,17,0,2025-01-27 03:47:20+00:00,tl,True,221223469875450,977770615637911,977770615637911,False,2
221223469875450,Lumagda sa isang Memorandum of Agreement (MOA) ang Commission on Elections (COMELEC) at National Printing Office (NPO) para mapabilis ang pag-imprenta ng 72 milyong balotang gagamitin sa #Halalan2025. [1/2] https://t.co/22g62QVzGZ,0,1,1,0,26,0,2025-01-27 03:47:19+00:00,tl,False,221223469875450,,977770615637911,False,2
315569003731234,"@742776083943287 Should be a happy catchy tune -- mala Pantropiko ng Bini (line on ""sa islang pantropiko - si heidi ang iboto nyo)",0,0,0,0,32,0,2025-01-22 11:53:19+00:00,tl,True,624892820171495,742776083943287,433469940497789,False,0
995294505789239,"@742776083943287 Heidi..Heidi…sa senado 2X
Tapat sa bayan para magserbisyo
Iboto natin para sa senado….",0,0,0,0,5,0,2025-01-23 03:59:28+00:00,tl,True,624892820171495,742776083943287,386928423715157,False,0
54477701293375,"@492771802193429 Kailangan protektahan nila ang kanilang di maipaliwanag na yaman katulad ng pangkasalukuyan! Hanggat ang kongreso at senado ay natatapalan, ang halalan never maging patas ang laban!",0,0,0,0,98,0,2025-01-14 20:01:43+00:00,tl,True,321093212266571,492771802193429,460646397740497,False,1
571119559369972,@492771802193429 Ok… huwag mong iboto di ka naman niya pinipilit…,0,0,0,0,12,0,2025-01-14 04:52:01+00:00,tl,True,321093212266571,492771802193429,742521006431477,False,1
924869027741016,@492771802193429 Iboto mo man o hindi ay SD pa rin ang magiging president sa 2028. Siya lang ang karapat dapat na maging pres..,0,0,0,0,4,0,2025-01-17 05:50:58+00:00,tl,True,321093212266571,492771802193429,862896548864708,False,0
452456902946486,"@995120649715525 Para sa mga senador na bumoto ng YES, magpaliwanag kayo, pls.",0,0,0,0,11,0,2025-01-28 14:04:54+00:00,tl,True,564353201860633,995120649715525,206733174946304,False,2
739522721196536,"@995120649715525 Mga kababayan, iyan ba yun mga Senador na dapat pang iboto sa 2025 election. Mag isip isip kayo ang traydor sa bayan ay di dapat pag katiwalaan. no rin ako sa 19 na yan 😤",0,0,0,0,2,0,2025-01-29 14:56:34+00:00,tl,True,564353201860633,995120649715525,112212411025971,False,1
881657395584702,Pera ng mga Pilipino na halos aabot ng 150 million pesos ang sinayang lang ng Comelec dahil sa mga naiprentang balota na hindi na magagamit. Nangungutang na nga tayo mapunta pa sa wala ang pera natin! 🤬 https://t.co/BwylbdZFwf,27,33,69,7,6089,3,2025-01-21 06:37:40+00:00,tl,False,881657395584702,,901946442613399,True,1
321865963159839,"@901946442613399 Tanga kc ang comelec chairman na Yan,alam nyang dpa pinal ang mga dapat iprinta ngprint na agad? Hoy Garcia umalis kna sa puesto mo,dimo alam trabaho mo...",0,0,0,0,42,0,2025-01-21 12:42:46+00:00,tl,True,881657395584702,901946442613399,167422466488071,False,1
308810626538581,@403780272519270 @745045944886155 130M na nasunog ng Comelec for printing balota tapos yan ang inuuna.,0,0,0,0,14,0,2025-01-28 03:30:38+00:00,tl,True,374462335799933,403780272519270,222920173010944,False,1
357542570167603,@403780272519270 @745045944886155 Potah kayo ang fake Comelec Marcos administrasyon 🤮🤮🐊🐊🐊😈😈😈,0,0,0,0,7,0,2025-01-28 19:40:19+00:00,tl,True,374462335799933,403780272519270,46683785658974,False,1
130076976737850,"@403780272519270 @745045944886155 Tiktok ? Ina alis na nga sa ibang bansa yan 
Yan pa choice nyo 
Nananadya yata ang Comelec",0,0,0,0,12,0,2025-01-28 08:07:35+00:00,tl,True,374462335799933,403780272519270,499920480735032,False,1
678780008132706,"@730626821086754 Utut mo..nang uuto ka pa..32M kayo di ba, oh panalo na..sobra pa sa boto nankaipangan, eh Bat nagmamakaawa ka pa na dapat iboto mga kupal na kandidato nyo..🤭",0,0,0,0,8,0,2025-01-08 03:42:33+00:00,tl,True,754577261966673,730626821086754,118230875751479,False,1
347106062697117,@42382071874686 Para sa tunay na pagbabago ayan lang ang iboto natin.,0,1,0,0,51,0,2025-01-08 03:10:22+00:00,tl,True,754577261966673,42382071874686,730626821086754,True,0
487658055342716,@901946442613399 Ito yung mga dapat hindi iboto,0,0,1,0,53,0,2025-01-21 13:30:24+00:00,tl,True,294317737373233,901946442613399,943903802996802,False,1
294317737373233,"Ito na bagong numero nila sa balota, after ng changes sa Comelec. 👊🏻🇵🇭 https://t.co/qvXieVzDpt",134,99,497,10,24088,12,2025-01-21 08:21:18+00:00,tl,False,294317737373233,,901946442613399,True,2
348133180232764,"Ayon sa poll body ng Comelec, sila ay patuloy na susunod sa mga mandato at desisyon na ipapatupad ng SC hinggil sa 2025 NLE at Bangsamoro Parliament Election ngayong darating na ika-12 ng Mayo. (3/4)",0,1,1,0,12,0,2025-01-21 06:34:58+00:00,tl,True,929931614296727,501694483434134,501694483434134,False,2
182604303922673,"Ibinalik ng Comelec sa opisyal na listahan sina ex-Rep. Edgar Erice at Charles Savellano bilang mga kandidatong tatakbo para sa House of Representatives, pati na rin si Subair Guintum Mustapha bilang senatorial candidate. (2/4)",0,1,1,0,10,0,2025-01-21 06:34:43+00:00,tl,True,929931614296727,501694483434134,501694483434134,False,1
942570852107837,@845268926655501 I would rather vote for Riz Cortez than this a-hole. Tagal ng nasa senado pero puro ngak ngak lng at Wala naman talagang nagawa. Natalo pa ni Sen Lacson dati sa debate sa senado. Huwag iboto ang mga kagaya nito.,0,0,2,0,4,0,2025-01-17 22:06:30+00:00,tl,True,206127422592795,845268926655501,938512509121436,False,1
291202012625743,"@145953396723381 @845268926655501 tama! iboto si QUIBOLOY para stop lahat isang pindot lang! Pati si Philip Salvador, mas matalino pa kay Miriam at mas magaling kay Magsaysay na lawmaker ✌🏻👊🏻💚❤",0,0,0,0,9,0,2025-01-17 03:32:23+00:00,tl,True,206127422592795,145953396723381,801677847633772,False,0
100977916521996,"@845268926655501 Bakit kaya tuwing halalan na lang lage yang plataporma nila mapa nasyonal or local elections, bakit hindi ba nila ginawa yan sa loob ng panunungkulan nila or keeping them poor na umaasa sa kanila at gagamitin tuwing tatakbo ang mga hayop na to.",0,0,0,0,1,0,2025-01-17 22:02:22+00:00,tl,True,206127422592795,845268926655501,91644081989417,False,1
358215780538589,@460436796410133 For sure laki ng binayad ng Intsik na yan sa 19 na senador tapos bobotohin parin ng mga uto-utong pilipino. Tapos ngayon magagalit galit kayo bakit ganyan kacorrupt ang mga senador eh kayo rin naman bumoto sa mga yan mga bugok. Mga tumatanda kayong paurong.,0,0,0,0,6,0,2025-01-30 18:46:24+00:00,tl,True,264514771575634,460436796410133,994326991036247,False,1
619777076445986,@460436796410133 How much are those doggies in the window? Pera2 lang yarn! Huwag iboto lahat ng pumirma! Mga kababayan maawa naman tayo sa ating sarili! Ginisa nanaman tayo sa sarili nating mantika! Enough of voting self-serving politicians in to seats of power!,0,0,0,0,40,0,2025-01-30 15:19:55+00:00,tl,True,264514771575634,460436796410133,27599799196923,False,1
680422748690741,@460436796410133 Nabigyan din ito eh......tiba tiba ang mga pinapasweldo ng mga taumbayan...na sa huli ay sariling interes lang at ng pamilya or negosyo nila ang inu una nila..matuto na sana tayo..huwag iboto ang mga traydor at di maka Pilipino...,0,0,0,0,2,0,2025-01-31 00:09:24+00:00,tl,True,264514771575634,460436796410133,619465066941674,False,1
106035047559807,@995120649715525 Balimbing for life  hindi dapat pagkatiwalaan. Huwag iboto!,0,0,0,0,34,0,2025-01-06 09:17:44+00:00,tl,True,377247376356168,995120649715525,983372264093320,False,1
52764543039645,"@995120649715525 Naging TUTA kc sya nuon ni Dutae kaya sunod sunuran sya.. So ngayon nakita nya ang DUMI ng Epekto ng POGO dahil sa mga KRIMEN katulad ng Scamming, Human trafficking, Kidnapping at Killing na dinulot nito sa ating Bansa! Kaya Wag iboto ito dahil Dobke kara! Vote Wisely!",0,0,0,0,16,0,2025-01-07 05:07:24+00:00,tl,True,377247376356168,995120649715525,260504858714783,False,1
994483921078272,@987690606558513 Sige iboto nyo pa ang mga Villar,0,0,0,0,57,0,2025-01-20 04:32:53+00:00,tl,True,531461735856202,987690606558513,539456144254604,False,1
963144800500428,@987690606558513 ayaw ng mga villar sa lrt1 kasi madami sa mga lupain nila ang masasagasaan...parang awa nyo na wag na kayong bumoto ng villar ang apelyido! 🙄😒,0,0,1,0,17,0,2025-01-21 00:00:31+00:00,tl,True,531461735856202,987690606558513,376471732745759,False,1
126156188543158,@987690606558513 Kaya wag iboto mga Villars!,0,0,14,0,722,0,2025-01-19 23:46:46+00:00,tl,True,531461735856202,987690606558513,738773642322329,False,1
291513645554845,@690883004797923 @82798549556190 Sa bisa nito ay magagamit ng COMELEC ang apat na printing machines ng NPO na siyang tutulong sa dalawang printing machines mula sa Miru Systems upang maabot ang target na  na makapag-imprenta ng 1.5 milyong bagong balota kada araw.,0,0,0,0,29,0,2025-01-20 09:26:46+00:00,tl,True,819081357751947,99474714870421,99474714870421,False,2
968210411373750,"@690883004797923 @82798549556190 Mula sa kasalukuyang Oktubre na karaniwang COC filing, nais ng polling body na paagahin ito ng Hulyo upang magkaroon ng sapat na oras para i-resolba ang mga kaso ng nuisance candidate at disqualification sa mga nais tumakbong kandidato.",0,1,1,0,13,0,2025-01-20 09:28:43+00:00,tl,True,819081357751947,99474714870421,99474714870421,False,2
783140980515571,"Mananatiling nakabase sa alphabetical order ang makukuhang numero ng mga senatorial candidates sa iiimprentang bagong balota para sa paparating na #Halalan2025, ayon kay @690883004797923 @82798549556190",0,1,0,0,42,0,2025-01-20 07:35:39+00:00,tl,True,819081357751947,99474714870421,99474714870421,False,2
980734253698360,@403780272519270 Iwas pusoy na naman ang comelec.,0,0,1,0,149,0,2025-01-26 07:22:34+00:00,tl,True,697929074897845,403780272519270,822383481960223,False,1
697929074897845,"Kinikilatis umano ng AFP ang background ng mga kandidato para maagapan ang posibleng ""foreign influence"" sa #Halalan2025.

BASAHIN: https://t.co/H6xPaT41WK https://t.co/v4nI0xRybi",28,58,149,15,14439,8,2025-01-26 06:55:00+00:00,tl,False,697929074897845,,403780272519270,True,2
388022056888163,@325002683734926 @503443143864175 Okay na Sir... Alam na nang nakararaming #Filipino na isa ka sa #Manggagamit #Trapo,0,0,0,0,15,0,2025-01-13 07:06:41+00:00,tl,True,902058889949713,,790416496855096,False,1
453032163245925,@325002683734926 @503443143864175 @549575563021775 TRAPO ka makaepal pa bulok!💩🤮 Huwag iboto TRAPO!,0,0,2,0,36,0,2025-01-13 06:24:21+00:00,tl,True,902058889949713,325002683734926,669234378704463,False,1
795057757608081,@325002683734926 @503443143864175 alam na alam na ninyo kung sino ang hindi dapat iboto 😎,0,1,1,0,180,0,2025-01-13 09:56:14+00:00,tl,True,902058889949713,325002683734926,194613545194532,False,1
486185354012586,"Lumagda ng isang Memorandum of Understanding (MOA) ang Commission on Elections (COMELEC) at social media platform na TikTok na layong maging magkatuwang sa paglaban sa misinformation at disinformation sa nalalapit na #2025MidtermElections.

1/2 https://t.co/WGB4PMWLr8",0,1,0,0,21,0,2025-01-28 06:02:22+00:00,tl,False,486185354012586,,977770615637911,False,2
690255241349767,"Sa ilalim ng partnership, magbabantay ang naturang social media platform sa mga election materials kung saan isa na rito ang paglalagay ng label o babala sa mga content na AI Generated. | @99474714870421 

#IBC13Digital #COMELEC #TikTok #Halalan2025",0,0,0,0,35,0,2025-01-28 06:02:23+00:00,tl,True,486185354012586,977770615637911,977770615637911,False,2
905476816756257,@880839159222634 Huwag maging prey sa predator. Bumoto Ng tama.,0,0,0,0,20,0,2025-01-27 10:09:57+00:00,tl,True,752000451665704,880839159222634,900687509217223,False,2
367598880663143,@880839159222634 Iboboto namin sila. Kung meron mang di dapat iboto yun ay ang mga Marcos and allies. Lalo nas Martin Romualdez. Kaya potaena mo lang masasabi ko sa'yo @880839159222634,0,0,0,0,2,0,2025-01-27 15:33:42+00:00,tl,True,752000451665704,880839159222634,833633401041347,False,1
977286536943906,"@880839159222634 Sa mga Pilipino kung gusto nyong lahat na maging alipin ng China ang mga Pilipino,iboto Nyo ang mga halimaw na to. Pero tandaan hindi lang sila ang halimaw Pati na rin yung naka upo ngayon sa palasyo.  may alternativo tayo lalabas yan Tamang arternativo",0,0,0,0,3,0,2025-01-27 15:33:45+00:00,tl,True,752000451665704,880839159222634,534744678426762,False,1
384203684962136,"@209001139819227 Pabobo ka talaga ng pabobo.. Coverage of Typhoon Yolanda versus Halalan 2025??? 

Ang lapit ahh 😅😅😅😅",0,2,2,0,260,0,2025-01-14 11:47:45+00:00,tl,True,699070042929803,209001139819227,990606582779370,False,1
504002160023374,@209001139819227 So anong konek niyan sa Halalan 2025 campaign / covenant signing? 😂🤣,0,0,1,0,143,0,2025-01-14 11:35:03+00:00,tl,True,699070042929803,209001139819227,112149378272729,False,1
698221324688503,Kasabay ito ng paglagda ng TikTok Philippines at Comelec ng memorandum of understanding para sa #Halalan2025 | via @69054822995438,0,0,1,0,2739,0,2025-01-28 03:42:17+00:00,tl,True,185933702277774,403780272519270,403780272519270,True,2
185933702277774,"Ipinakilala na ng TikTok Philippines ang “Elections Centre” nito at iba pang features na layong magbigay ng voters’ awareness para sa #Halalan2025. | #SefiePatrol ni @69054822995438 
https://t.co/miW4ebp6Rm",0,1,4,0,2946,0,2025-01-28 03:42:17+00:00,tl,False,185933702277774,,403780272519270,True,2
675078007379358,@36502604678147 Kawawang pinas. Gising na mga botante.,0,0,0,0,8,0,2025-01-28 08:16:37+00:00,tl,True,731891023157779,36502604678147,292486369650340,False,1
33792884694023,"@36502604678147 Tatakbo yung kakambal ni Robin Da Hangin, iboto para sa imburnal 🤣",0,0,0,0,20,0,2025-01-28 03:55:19+00:00,tl,True,731891023157779,36502604678147,367790387225023,False,1
528051233114981,"What if, istorya lng ng COMELEC,  at may purpose sila sa naiprintang mali daw? Yung ganung klaseng failure sa isang mataas ang credibilidad e NAKAKA PUTANG INA sa kung sino man ang may hawak sa tanggapan na yan. Ilang bunganga ang makikinabang kung sa pagkain ang katumbas. PALITAN LAHAT ANG TAO JAN SA COMELEC!!!",0,0,1,0,85,0,2025-01-28 22:38:41+00:00,tl,True,512148101895822,901946442613399,132107344798698,True,1
512148101895822,"132Million worth of Election Ballot ang sinayang ng comelec sa loob isang araw pero tahimik sila, pero ung 125Million na CF ni Inday until now apaka ingay padin nila. Kaya paba Pilipinas?",32,10,104,2,4559,2,2025-01-28 15:39:04+00:00,tl,False,512148101895822,,901946442613399,True,1
802394928972169,"@995120649715525 Nagkaroon ako ang jowa before na INC. I ask this person na bakit nila iboboto sa revilla (noong tumatakbo palang si revilla sa senado. Sabi nya, wala silang choice na hindi iboto kasi yun ang sinusuportahan ng pinuno kahit ayaw nila. Kultong kulto talaga",0,0,0,0,234,0,2025-01-13 06:31:53+00:00,tl,True,408466542984954,995120649715525,936005276340774,False,1
347054156885912,@995120649715525 Wala ba kayong sariling pag iisip kung sino ang tamang iboto???,0,0,1,0,287,0,2025-01-13 01:03:44+00:00,tl,True,408466542984954,995120649715525,12788688018458,False,1
67746467685171,@403780272519270 As if naman kayang panindigan ng COMELEC to! Hindi nga nila mapanindigan yung no early campaign.,0,0,7,0,1039,0,2025-01-24 07:20:19+00:00,tl,True,598267824513398,403780272519270,640009123692227,False,1
752446556243484,@403780272519270 Pag hindi sumipot tanggal na? Tama na nga kayo comelec.,0,0,4,0,322,0,2025-01-24 08:28:42+00:00,tl,True,598267824513398,403780272519270,383155815576219,False,1
667504280355476,@403780272519270 Noon pa sana mga ugot e di sana nakapili ng matinong leader dyusko comelec yan nalmg ggwin nio,0,0,1,0,448,0,2025-01-24 07:37:55+00:00,tl,True,598267824513398,403780272519270,44307417805186,False,1
622568889638232,@403780272519270 Diversionary tactic lang ng comelec yan. Kasi dami nilang kapalpakan lalu na sa pag-imprenta ng balota. Sinayang lang nila yong Php 150m. Dapat bayaran ninyo yan sa kaban ng bayan.,0,0,0,0,10,0,2025-01-24 09:04:22+00:00,tl,True,598267824513398,403780272519270,387906149011227,False,1
319587694769162,"@271068274105652 @403780272519270 Pi di naman po ini-impeach ang senators and congressmen, ang president, v-pres, justices of supreme court, head of constitutional body/officials such as Comelec, ombudsman etc. presidents of gov't owned corporations lang ang ini-impeach paki search na lang baka may nakaligtaan pa",0,1,0,0,20,0,2025-01-29 13:06:11+00:00,tl,True,860698380816536,271068274105652,424460269090014,False,2
781556870515218,"@403780272519270 nahuli yung probe kaysa sa granting of citizenship, baliktad. para halos lahat bumoto ng pabor, ano kaya ang ipinakain ni intsik dun sa mga yan. may pamahiin ba na pag nagbigay ka ng pabor sa isang intsik, happy at busog ka sa year of the snake. busog na busog ba na parang sawa?",0,0,0,0,40,0,2025-01-29 02:02:22+00:00,tl,True,860698380816536,403780272519270,840965772549846,False,1
648380683572145,@503159326615462 @995120649715525 Sa eleksyon sya dapat gantihan wag iboto hahaha.,0,1,2,0,32,0,2025-01-01 15:57:51+00:00,tl,True,410382091841001,,346885929682267,False,1
33695811358679,@995120649715525 Kakasuhan ka ni toto Causing kaya Pati kandidaturA mo pakis. D ka na maging senador,0,1,10,0,392,0,2025-01-01 12:33:25+00:00,tl,True,410382091841001,,534744678426762,False,1
969486372934898,"Ayon kay COMELEC Chairman George Garcia, ginawa ang mock election gamit ang mga automated counting machines (ACMs) sa 15 areas sa buong bansa habang sa Singapore lamang isinagawa ang online voting. | via @99474714870421 

#IBC13Digital #Comelec #MockElections #Sulu

2/2 https://t.co/aFhsnZhIKr",0,0,0,0,14,0,2025-01-25 04:06:30+00:00,tl,True,917914903811057,977770615637911,977770615637911,False,2
917914903811057,"Sinimulan na ng Commission on Elections (COMELEC) ang mock elections sa tatlong (3) presinto sa probinsya ng Sulu ngayong Sabado, Enero 25.

1/2 https://t.co/VPt7Mwqokd",0,1,0,0,19,0,2025-01-25 04:06:26+00:00,tl,False,917914903811057,,977770615637911,False,2
981442332133090,@429532240451803 Puro suggestion lang ang kaya ng COMELEC.mwhat a farce.,0,0,0,0,197,0,2025-01-30 09:56:38+00:00,tl,True,714707719975528,429532240451803,197226513192209,False,1
426000660629569,@429532240451803 Bobo kase Ang TV five at Comelec mga Gago🖕,0,0,0,0,39,0,2025-01-30 23:15:49+00:00,tl,True,714707719975528,429532240451803,322288540815199,False,1
352663010877065,@233535174890581 In reality hindi pa rin sapat ang INC upang ipanalo ang isang Sara Duterte. Kung ang makakalaban ng isang Sara Duterte ay kandidato ng Kakampink lalo na kung si Leni ulit ang ipanglalaban nila ay siguradong mananalo na si Leni. Dahil ang bilang ng mga bumoto noon kay BBM at Sara,0,0,0,0,11,0,2025-01-14 18:21:19+00:00,tl,True,779555492728282,233535174890581,257581942110106,False,1
483385570697539,"@233535174890581 Ay siguradong mas lamang na ang mga Kakampink, at dagdagan niyo pa iyon ng mga loyalista at mga ordinaryong mga Pilipino noon na bumoto kay BBM at Sara, kaya wala ng Panalo ang isang Sara niyong may mental illness.",0,0,0,0,9,0,2025-01-14 18:25:35+00:00,tl,True,779555492728282,233535174890581,257581942110106,False,1
807489838377198,"@460436796410133 Buti nalang may nag-iisang Hontoveros sa senado. 

Ang lupit talaga ng mga senador na ibinoboto ng pinoy. 

Sino ba ang bobo yung mga ibinoto or yung mga bumoto??? https://t.co/CgQn05MyBv",0,0,0,0,54,0,2025-01-29 03:51:16+00:00,tl,True,557192879323801,460436796410133,717498301226374,False,1
660815710861738,"@460436796410133 The Venn diagram of Pro-POGO, pro-China, Pro-Duterte is true.

Yung mga re-electionista dyan sa #Halalan2025, huwag niyo na iboto.",0,0,0,0,162,0,2025-01-29 02:37:42+00:00,tl,True,557192879323801,460436796410133,64899621260454,False,1
959954139207513,@556776310795431 Beware the rise of the Tulfos in Philippine politics. Ang dami ng red flags. Maging matalino sa pagpili!,0,0,6,0,133,0,2025-01-29 04:13:41+00:00,tl,True,439104047346338,,9337757781234,False,0
767911454431665,@135866421354236 @556776310795431 Pinagsabihin na daw ni Raffy ang tabachoy na anak tungkol dito. Sitting congressman ang anak pero kailangan pang kastiguhin ng ama? Sino ang mga stupid na bumoto sa kanya? Baby baboy pa pala siya. Di alam ang tama at mali.,0,0,0,0,15,0,2025-01-29 03:52:13+00:00,tl,True,439104047346338,135866421354236,628655600370088,False,1
771949742879739,"#SaTotooLang, na-check nga ba ng mga kandidato ang mga kwalipikasyon para tumakbo sa gobyerno ngayong #Halalan2025? Alamin ang mga kwalipikasyong ito sa #ELExplain. 📝

https://t.co/8QCuYjr8VV
 
#BMPM
#ABSCBNFactCheck",0,1,0,0,148,0,2025-01-22 09:23:51+00:00,tl,False,771949742879739,,326683475544033,False,2
972809368482342,"Next week, alamin naman natin ang pulso ng bayan tungkol sa pagre-require ng educational degree sa mga kandidato. 🎓

#SaTotooLang 
#Halalan2025 
#ELEXplain  
#BMPM
#ABSCBNFactCheck",0,0,0,0,146,0,2025-01-22 09:23:51+00:00,tl,True,771949742879739,326683475544033,326683475544033,False,2
871474722099511,@776109641341820 TANGA..Acquitted si Delima sa lahat ng kaso nya dahil sa presidenteng BUANG na si digongyo .. wala naman paki sa yo si delima kung Di mo iboto dahil dds kamg bobo at tanga..ala kang kwentang nilalang Ryan lingoiter..,0,0,0,0,12,0,2025-01-19 22:51:25+00:00,tl,True,442847060539991,776109641341820,887119397698477,False,1
422273441020865,"@776109641341820 Hindi rin ako magsasawang ikampanya si Leila Delima at ang kanyang Party-list na IBOTO PO NATIN siya sa darating na halalan!

Maawa kayo sa BAYAN NATIN. Dating Presidente natin mama ma tie tao tapos magdadagdag pa tayo ng mga Magna na cow na politiko?",0,0,3,0,31,0,2025-01-19 06:38:25+00:00,tl,True,442847060539991,776109641341820,213002444365440,False,0
721706767448195,"Nanindigan din ang Pangulo na nararapat munang manatili si Marbil bilang PNP Chief hanggang sa matapos ang eleksyon. (📽: MPC) [2/2]

#IBCTV13 #IBCDigital #PBBM #PNP #Halalan2025",0,0,0,0,53,0,2025-01-20 05:01:15+00:00,tl,True,44924257290309,977770615637911,977770615637911,False,2
44924257290309,"'IT WOULD NOT BE GOOD FOR STABILITY' 

Ipinaliwanag ni Pangulong Ferdinand R. Marcos Jr. na hindi naaayon na palitan si PNP Chief Rommel Marbil lalo pa't nasa kalagitnaan na ng campaign peridod para sa #Halalan2025. [1/2] https://t.co/ZzX2iBSgg3",0,1,0,0,28,0,2025-01-20 05:01:14+00:00,tl,False,44924257290309,,977770615637911,False,2
81263126126700,"@289929405221207 SenRisa Hontiveros.d talaga matututo mga opisyales n korap at pansarili lang alam.basta may katapat n halaga.wala n itak ng mga mamba atas.nalaglag n sa talampakan.
KAYA MGA BOTANTE IBOTO MGA MAY KAKAYAHAN AT MALASAKIT SA ATING BANSA AT MAMAMAYAN

WAG TAYO GUMAYA SA BOBOTANTE😡😡",0,0,0,0,17,0,2025-01-29 11:29:02+00:00,tl,True,341124732450953,289929405221207,615251122575078,False,0
774651693884657,@289929405221207 Bumoto naman ng maayos na senador 🙏,0,0,3,0,184,0,2025-01-29 02:26:47+00:00,tl,True,341124732450953,289929405221207,540615838460378,False,0
687824723052893,"@776109641341820 baket? anong makakapagkumbinsi samen iboto mga ugok na yan? may mamamatay tao, may iyaking duwag, may sindikato, may babaero na bobo, may mga tuleg at walang silbi, eh mukhang nagaadik din yang mga yan eh",0,0,0,0,2,0,2025-01-31 15:20:25+00:00,tl,True,94624480964926,776109641341820,783104815390454,False,1
488636311464631,@776109641341820 Wag iboto ng mawalan ng pinagkakakitaan si BoyGoiter na Ddlis.,0,0,1,0,13,0,2025-01-31 08:29:06+00:00,tl,True,94624480964926,776109641341820,46917026575155,False,1
120133274004626,"@206174889046767 Reverse psychology ba tawag jan sa mga ginagawa mo tiglao, ulul ka talaga, ayaw cyang iboto dahil sa mga karumaldumal na ginawa nya, nag aanyong tao pero dimonyo, pareho cla ng duterte crime family, magsamasama kayo sa impyerno, mga hayup kayo..",0,0,0,0,24,0,2025-01-03 23:23:49+00:00,tl,True,864347334304912,206174889046767,561309329766890,False,1
335193296592462,@206174889046767 Ako dko sya iboboto dpako nasisiraan ng tuktok para iboto sya at mga kandidato ni digong,0,0,2,0,30,0,2025-01-03 11:15:54+00:00,tl,True,864347334304912,206174889046767,300293465726821,False,1
739836092255945,@556776310795431 Pwede bang isumpa ang mga bumoto diyan?,2,0,11,0,304,0,2025-01-29 05:58:29+00:00,tl,True,852795645782265,556776310795431,628655600370088,False,1
941232445787596,@556776310795431 ENTITLED ANG PEG! Pero kung ibang tao yan kahit may katungkulan sa gobyerno nakatikim na ng pang-aalipusta yan. At dahil anak nya kahit clear na lumabag pero dahil humingi sa kanya ng tawad absuwelto na. Botante parang awa nyo na maawa kayo sa mga Tax payers.,1,0,14,0,168,0,2025-01-29 15:12:50+00:00,tl,True,852795645782265,556776310795431,561850127131271,False,1
464099237690467,"@472069454978195 Sa totoo lang may mga senatorial candidate na ok pero nagkataon na ang problem ay mga botante.. kung sino sikat, kilala, or nakakapagbigay entertainment sa kanila, kababayan,  un ang panalo at ung ang iboboto..",0,0,0,0,12,0,2025-01-29 02:12:13+00:00,tl,True,151103539961260,472069454978195,568702727238160,False,1
341672570219709,"@472069454978195 Paano naman po may pa ayuda? sino malakas sila ang iboto ng tao ganyan sila bumili ng taong tanga. "" Pero ako kakampink 🌸 hindi ako nabibili ng pera",0,0,0,0,7,0,2025-01-29 15:09:16+00:00,tl,True,151103539961260,472069454978195,112212411025971,False,0
587621041896708,@472069454978195 Grooming yan para pag pinanalo ng comelec believable.,0,0,2,0,195,0,2025-01-28 08:39:23+00:00,tl,True,151103539961260,472069454978195,573949276633355,False,1
740705511323979,Ito ba ang dapat iboto? NO WAY! 👎,4,2,13,0,288,0,2025-01-02 06:04:14+00:00,tl,False,740705511323979,,119291365976956,False,1
653921810956524,"@669234378704463 Correct! Okay tumanggap ng tulong sa mga pulitiko, pero hindi naman kailangan iboto kung alam naman na may bahid ng kung anu-anong kapalpakan ang isang kandidato.",0,0,1,0,11,0,2025-01-03 08:17:29+00:00,tl,True,740705511323979,669234378704463,119291365976956,False,1
179289415234436,@995120649715525 Dapat yong nag advance ng campaign poster dapat disqualify po. Di pa nag start ang campaign nagsimula na kayo at dapat wag natin silang iboto.,0,0,1,0,19,0,2025-01-12 11:06:21+00:00,tl,True,709225177506582,995120649715525,583673269570016,False,1
492271242647626,@995120649715525 #comelec punta kayo Pandacaqui Mexico Pang Billboard mga tarp nila,0,0,0,0,4,0,2025-01-12 14:39:17+00:00,tl,True,709225177506582,995120649715525,437891573176970,False,2
933961459114141,@237410519977083 Buti naman at sasayangin mo boto mo sa inidoro,0,0,0,0,10,0,2025-01-17 23:53:58+00:00,tl,True,30661372989837,237410519977083,758825839774206,False,1
732434937808540,@785974449547364 @237410519977083 Mga kandidato ng masamang nilalang na si Duterte ang dederitso sa inidoro sa Mayo.,0,0,0,0,8,0,2025-04-16 01:55:39+00:00,tl,True,30661372989837,785974449547364,35721736338901,False,1
898645093608139,"idk bro, ang satisfying lang makita na naghihirap 'yung mga bumoto kay BBM. tangina niyo, lumubog p sana kayo lalo",0,1,0,0,12,0,2025-01-28 03:27:05+00:00,tl,False,898645093608139,,461170573312189,False,1
291964006533574,and don't even come for me na i should have a bit of empathy kasi nung eleksyon wala naman silang empathy para sa pag-asa ng bansang to. lalong wag akong sasabihan na privilege ako kasi SANA LAHAT privilege na kung bumoto ng tama,0,0,0,0,12,0,2025-01-28 03:28:06+00:00,tl,True,898645093608139,461170573312189,461170573312189,False,1
26808175399045,"@221004166617710 Kung bobo si Robin, mas bobo pa ang mga bumoto at mga boboto uli sa kanya!   Hindi na kyo nadala!",0,0,1,0,40,0,2025-01-17 22:19:58+00:00,tl,True,971351322257910,221004166617710,940022574467459,False,1
451833237438741,@221004166617710 Proper words. BOBO AT INUTIL ang UGOK na yan. Pero mas BOBO AT INUTIL AT UGOK ANG MGA BUMOTO DYAN. Period!,2,1,3,0,75,0,2025-01-17 16:30:23+00:00,tl,True,971351322257910,221004166617710,225869137683985,False,1
16529036418849,@68464242552817 Goosebumps. Ang daming nawala. Pero andyan pa din sila. Isa ito sa the best Halalan theme at obb nila #Halalan2025,2,0,17,0,727,0,2025-01-14 10:01:04+00:00,tl,True,618149592148686,68464242552817,817092001975890,False,0
618149592148686,"Kahit anumang hamon, nandito pa rin ang ABS-CBN News, in the service of the Filipino!!! Nakakaproud!!! 😭❤️💚💙

Nakakagoosebumps din na ginamit ulit yung Halalan 2010 theme ""Ako ang Simula"" para sa  #Halalan2025! 🔥🔥

 https://t.co/vW6cdCnPZV",132,24,1299,6,49282,38,2025-01-14 06:35:07+00:00,tl,False,618149592148686,,68464242552817,True,0
661016727098517,"Oras na, UPD! ⏰May nakahanda na ba kayong Senatorial Slate para sa darating na eleksyon? Alam niyo na ba kung anong party list ang iboboto niyo? 🤔🤔🤔Tatlong buwan na lang, #Halalan2025 na! https://t.co/iU12pDHU1X",0,1,0,1,1561,1,2025-02-11 09:00:18+00:00,tl,False,661016727098517,,520343621965644,False,2
572253270695447,"At dahil mahalaga ang boses ng kabataan sa  paparating na halalan, gusto naming malaman ang nais ng mga iskolar ng bayan! Tara na at bumoto sa Pulso ng Diliman: The UP Diliman 2025 Mock Elections.",0,1,0,0,43,0,2025-02-11 09:00:19+00:00,tl,True,661016727098517,520343621965644,520343621965644,False,0
223875299965427,@505173227680197 Mga gagong tumatakbo at senador na kaya wala g asenso ang pilipinas dahil sa mga walang kwentang senador na to. Matutu na tayo wag iboto ang mga payaso!,0,0,1,0,8,0,2025-02-21 03:38:50+00:00,tl,True,896504741138965,505173227680197,29164799350082,False,1
80466903593818,@412460683891487 @505173227680197 Matatalo lang ang mga ito kapag naging MATALINO na ang mga botante.,1,1,4,0,145,0,2025-02-21 02:15:50+00:00,tl,True,896504741138965,412460683891487,986854228099864,False,0
611549409035077,@505173227680197 Millenials tayo ang may pinakamalaking porsyento na botante this 2025. Sana mas piliin natin ang mga kandidatong gusto talagang iangat ang Pilipinas at hindi personal na interes lang ang dahilan sa pagtakbo sa eleksyon 2025.,0,0,0,0,11,0,2025-02-20 11:29:26+00:00,tl,True,896504741138965,505173227680197,526144270132286,False,0
312685844753609,@505173227680197 Ganun na ba talaga ka 8o8o mga pinoy ngayon?.nauuto sila ng mga patawa na yan na iboto nila?. JUSKOPO MAHABAGING AMA MAAWA KAYO SA PINAS,0,0,1,0,10,0,2025-02-20 15:34:47+00:00,tl,True,896504741138965,505173227680197,233196798618091,False,1
815527687736875,"@426098887240189 2/2 yung mga ibinoto ng mga botante na mga wala alam at wala nagagawa hindi naiisip ng mga botante ang katumbas ng 500 na ayuda ay malaking sahod para sa mga senador buwan buwan sa loob ng 6years, tatanggap sila sahod may gawin o wala....maging wais tayo sa pagboto",0,0,2,0,92,0,2025-02-02 03:37:03+00:00,tl,True,323611229692351,426098887240189,694566128218128,False,1
441704291252742,"@426098887240189 Panatikong Jimmy,
Disipulo ni GongDi
Huwag Iboto sa Senado",4,1,33,0,1668,0,2025-02-01 23:09:07+00:00,tl,True,323611229692351,426098887240189,987636904726716,False,1
758900607886901,@460436796410133 Ina nyong lahat sa boboto jan. Or at least may kakumpitensya si robin sa pabobohan. Ina nyo din sa bumoto kay robin!,0,0,1,0,4,0,2025-02-21 12:35:52+00:00,tl,True,383906950833824,460436796410133,738853973162740,False,1
142569917759098,@460436796410133 Senador na dapat iboto ay yung may mabuting pamilya mataas ang pinagaralan..may IQ mataas ang standard sa moralidad may malaking takot sa Tunay na Dios hindi magnanakaw hindi makasarili at alam gumawa at mag pairal ng batas at law abiding Citizen..hindi nag dudunong dunungan.,0,0,1,0,466,0,2025-02-21 11:35:24+00:00,tl,True,383906950833824,460436796410133,567710700122607,False,0
983747407223833,"@460436796410133 kung ala kang alam d na kita iboto, marami na kayo sa senado kung mangyayari yan",0,0,0,0,1,0,2025-02-21 21:37:31+00:00,tl,True,383906950833824,460436796410133,54331504905902,False,1
858982521418705,"@460436796410133 Huwag gawing senador ang walang alam. HUWAG iboto si Willie Revillame, TAPOS.",0,0,0,0,199,0,2025-02-21 13:16:03+00:00,tl,True,383906950833824,460436796410133,290353185312555,False,1
949497506970034,@667747826509640 @21511923929102 Ena ilan taon na ba yan nakuha nya nga sumali sa contest at mag bikini pero hindi alam ang comelec? Walang tv at hindi masyado nag social media pero nakasali sa showtime?,0,0,5,0,994,0,2025-02-28 17:04:28+00:00,tl,True,188729449480880,667747826509640,739607807111730,False,1
862304414307048,"@21511923929102 Grabe,,,naloka ako Dito sa batang ito,At her age di pa sya nakaka boto?And Ang worst di nya alam Ang Comelec ?Sayang yung Ganda nya,brainless🤪🙄",0,0,3,0,1530,0,2025-02-28 09:29:41+00:00,tl,True,188729449480880,21511923929102,644184761934795,False,1
887728538146665,"@387006647385904 Please sa bawat boto kay Kiko at Bam, wag maglagay ng kandidato na nasa 1-15 place. Kung di makahikayat iboto si bam make sure wag madagdagan ang mga kalaban nila. Be strategic din tayo",0,0,1,0,11,0,2025-02-14 05:53:07+00:00,tl,True,784124564785866,387006647385904,917731971905188,False,1
784124564785866,Guys 2 lang sa mga kandidato ng siraulo ang pagtuunan naten ng pansin. Ipakalat naten na huwag iboto ang 2 na to. Magsisilbi lang sila sa poon nila at hnd s mga Filipino! 😎 https://t.co/cboqnBMOEZ,55,107,277,9,29414,2,2025-02-13 06:32:33+00:00,tl,False,784124564785866,,387006647385904,True,1
942632140302779,"@505173227680197 Wag iboto, anong gagawin nyan sa senado?!",0,0,1,0,61,0,2025-02-10 02:36:29+00:00,tl,True,121821566823897,505173227680197,847481565331523,False,1
867385482862523,@505173227680197 Hindi karapatdapat iboto!,0,0,6,0,851,0,2025-02-09 06:18:48+00:00,tl,True,121821566823897,505173227680197,25619606574142,False,1
841142643654548,@505173227680197 huwag iboto yan tsk si marcoleta,0,0,0,0,190,0,2025-02-09 06:11:44+00:00,tl,True,121821566823897,505173227680197,433467628592368,False,1
253049073280924,"Oo, nakalulungkot na may mga kabataang walang ideya kung ano ang COMELEC. Pero mas nakababahala ang mga nakaaalam nito pero bumuboto pa rin ng mga inutil at abusado.",8,1,34,0,899,0,2025-02-28 14:03:24+00:00,tl,False,253049073280924,,689558671051798,False,1
227433546429893,"@689558671051798 Ang masaklap yung 20 years na yan eh di na nga alam ano ang comelec,  eh maka kadiliman pa rin ang tipong politiko.  But at di pa raw siya bumoboto",0,0,0,0,44,0,2025-03-01 09:47:21+00:00,tl,True,253049073280924,689558671051798,92060431703243,False,1
457260025035877,"@105155069490692 Its awkward, but i think she knew naman ang comelec, sana kabado lang talaga sya kaya namental block. Nakakapressure kasi na ang madlang people e nakatingin at nakikinig sa isasagot nya... sad lang kung totoong hindi nya knows ang comelec",0,2,0,0,1844,0,2025-02-28 16:46:00+00:00,tl,True,422746730342557,105155069490692,486737259145082,False,1
760403154031400,"@105155069490692 Hindi lang how comelec works. Hindi niya alam kung ano ba ang Comelec. Tao, hayop, lugar? Kawawang Pilipinas. 😭",0,0,2,0,1186,0,2025-02-28 12:31:09+00:00,tl,True,422746730342557,105155069490692,93795848735674,False,1
368536828294647,"@181000491782161 @105155069490692 aware sya sa nangyayare tuwing eleksyon, ang di nya alam e mismong COMELEC, di nya alam ung sangay ng gobyerno na un, and she's 20 years old.",0,0,0,0,182,0,2025-02-28 16:33:14+00:00,tl,True,422746730342557,181000491782161,317617616699890,False,1
800890935919003,"@105155069490692 Isang malaking TANGA… mga bata nga dito sa amin aware tungkol sa election, how can a grown woman not know about COMELEC?",0,0,0,0,52,0,2025-02-28 15:16:44+00:00,tl,True,422746730342557,105155069490692,191838366630976,False,1
409571401748612,@105155069490692 Mas okay nang hindi niya alam ang COMELEC at hindi siya bumoboto kasi siguradong bobotante lang din siya.,0,0,0,0,28,0,2025-03-01 04:04:13+00:00,tl,True,422746730342557,105155069490692,968927063251918,False,1
578883601498984,@692826440454114 @105155069490692 Grade 5 kung ano at para saan ang function ng Comelec ibig sabihin siya na ang may problema...ano yan puro ganda lang at walang laman ang brain nya? Kagigil ka teh...dios mio.,0,0,0,0,12,0,2025-03-01 03:12:32+00:00,tl,True,422746730342557,727661700523636,727661700523636,False,1
181184908609736,"Maagang nag-ikot ang Commission on Elections (COMELEC) para pagbabaklasin ang mga ilegal na campaign material ng ilang kandidato sa kahabaan ng H. Lopez Boulevard sa Tondo, Maynila. https://t.co/uuTmJ7CxVz",2,1,2,0,547,0,2025-02-11 01:26:53+00:00,tl,False,181184908609736,,589029215591253,False,2
944591448977564,Susulatan ng COMELEC ang mga aspirant kapag nagkaroon muli ng panibagong illegal campaign poster kung saan kinakailangan nilang tanggalin ang mga ito at magpaliwanag sa loob ng tatlong araw,1,1,1,0,320,0,2025-02-11 01:26:54+00:00,tl,True,181184908609736,589029215591253,589029215591253,False,2
963890378612591,@552630089176844 Aliw na naman dito ung mga BoBotanteng bumoto kay robin,0,0,0,0,3,0,2025-02-07 01:51:14+00:00,tl,True,833973023708143,552630089176844,779203407593327,False,1
168533859535329,@552630089176844 Ahahaha yan ang binubuto ng mga b*botante,0,0,0,0,3,0,2025-02-05 10:13:55+00:00,tl,True,833973023708143,552630089176844,622224562356006,False,1
767635083108369,@714311444603525 Tangina kasi tlaga ng mga bumoto jan sa ulol na yan.,1,0,1,0,28,0,2025-02-01 18:00:12+00:00,tl,True,163981929378561,714311444603525,434842883427259,False,1
161005572701080,@714311444603525 Lahat ng bumoto dito ay https://t.co/yBEDbkIar3,1,0,5,0,277,0,2025-02-01 05:43:15+00:00,tl,True,163981929378561,714311444603525,177386598822719,False,2
639470745248724,"@714311444603525 NAKAKAHIYA!! tapos balak pa iboto ng mga tao sila Philip Salvador, BATO,  at Willie Revillame. Jusko po",2,0,4,0,668,0,2025-02-01 06:14:07+00:00,tl,True,163981929378561,714311444603525,524525486138820,False,1
567262203939761,@714311444603525 Napaka tanga tlga ng mga bumoto d2 sa ungas na to. Hoy robin padiladila mahiya k naman wala nsa topic un pinagsssbi mo jan. Pinanuod ko yan s youtube. Pinagtatawan k lng mga kapwa senador m0.. Bugok!!!,1,0,1,0,29,0,2025-02-01 15:54:18+00:00,tl,True,163981929378561,714311444603525,529577393369773,False,1
779187137204373,"PANOORIN: Ipinaliwanag ni Dra. Liza Ong kung bakit nag-withdraw ng kandidatura sa #Halalan2025 si Doc Willing Ong. | via @745045944886155

https://t.co/YPJ0eDPpHw",2,3,5,0,3065,0,2025-02-21 03:15:11+00:00,tl,True,348034014847629,,403780272519270,True,2
219486143935561,"@403780272519270 @745045944886155 Yan Ang problema ng @690883004797923 
Di ba dapat physically fit Ang Isang kandidato? May sakit na nga si doc pinayagan pa ng @690883004797923",0,0,1,0,760,0,2025-02-21 12:04:56+00:00,tl,True,348034014847629,403780272519270,920652244869747,False,1
265870477304351,"@92459487267958 @549139621537516 @268528071035300 Puntahan niong mga DSS nila lahat ng constituents para wag silang iboto..... Kaya nio yan,

Imaginary 32M, kasi kumalas na ang Loyalista na na frustrate sa inyo",0,0,0,0,14,0,2025-02-05 22:19:29+00:00,tl,True,331642756131653,92459487267958,245705656757626,False,1
699083409271102,@36286653699885 Wais kaya yung nairecord yung pangalan nila doon at ma expose sa mga botante three months bago mag eleksiyon? 🤣🤣🤣,0,0,2,0,355,0,2025-02-06 10:59:05+00:00,tl,True,331642756131653,36286653699885,549139621537516,True,1
833478387593160,"@690883004797923 @82798549556190 @82798549556190: Sa political dynasty nakasentro ang petisyon na nai-file. Iyan po ay isang legal issue na maaaring maging basehan ng malawak na desisyon ng Comelec Division at later on ng Comelec en banc. 

#Breaktime",1,1,0,0,94,0,2025-02-18 08:42:45+00:00,tl,True,458109748442669,982646580214281,982646580214281,False,2
330494287528899,"@690883004797923 @82798549556190 @82798549556190: Ang ating rule, ang isang kandidato na may mga petisyon to disqualify siya ay nandiyan pa rin ang pangalan sa listahan, sa balota, hindi matatanggal hangga't walang pinal na desisyon ang Comelec o kaya naman ay desisyon na immediately executory.

#Breaktime",1,1,0,0,213,0,2025-02-18 08:42:57+00:00,tl,True,458109748442669,982646580214281,982646580214281,False,2
824753272901254,"@690883004797923 @82798549556190 @82798549556190 sa disqualification cases ng Tulfo brothers: Ang kasong ito ay normal nating ipo-proseso. Pina-raffle na lang natin ito sa isang division ng Comelec. Ito'y nasa 1st Division na. Mag-i-isyu agad into ng 'summons' upang pasagutin ang respondents.

#Breaktime",1,1,0,0,87,0,2025-02-18 08:39:57+00:00,tl,True,458109748442669,982646580214281,982646580214281,False,2
848499088685685,@452854049072476 @325680252986141 Ang Partylist ng mambababarang… wag iboto yan kasi lawbreaker Tapos gusto maupo para maging mambabatas? Onil in da pelepens talaga…,1,0,1,0,20,0,2025-02-14 00:48:27+00:00,tl,True,632098439746606,452854049072476,227626817506834,False,1
680285254607320,"@325680252986141 @690883004797923 
Como…Comol.. Come..Comelec?
Hanggang nandiyan ang mga kasabwat sa pandaraya kay Madam Leni last election, HINDI MAAASAHANG walang dayaan ULIT. Maraming Hudas na nababayaran ng 30 pilak. 🙄🙄",0,0,0,0,15,0,2025-02-13 21:17:35+00:00,tl,True,632098439746606,325680252986141,748545659629246,False,1
522598845114455,"@325680252986141 Inutil talaga,itong Comelec. So ano ang gagawin ninyo sa mga ito?",0,0,0,0,11,0,2025-02-13 23:12:55+00:00,tl,True,632098439746606,325680252986141,226370431986330,False,1
793500797461781,@325680252986141 Wala lang... Sad lang ang COMELEC ulit.,0,0,1,0,41,0,2025-02-14 02:24:54+00:00,tl,True,632098439746606,325680252986141,263921976184253,False,1
20981283531886,@973713119272611 Parehong hindi dapat iboto!,0,0,0,0,5,0,2025-02-23 00:10:48+00:00,tl,True,587905318972678,973713119272611,25619606574142,False,1
783524183455540,@973713119272611 Suka kayo diyan.Suka ang iboto para sa PINAKAMAASIM NA KINABUKASAN NG MGA ANAK AT APO NINYO.Sukang nakakasuka ang mga nakahatag na pangalan.🤣,0,0,0,0,1,0,2025-02-22 18:31:03+00:00,tl,True,587905318972678,973713119272611,748545659629246,False,1
761051631474818,@229365439269431 @429532240451803 @951392445303700 @886466108474189 @742776083943287 Wala ka talagang comprehension tanga. Legal nga yan kaso yung billboard in question ay napakalaki sa legal size as provided for by comelec resolution 11086. Tingin mong kupal ka 3 feet by 8 feet yan? Tanga kana bobo kapa.,0,1,1,0,100,0,2025-02-18 00:16:46+00:00,tl,True,371986826113287,229365439269431,234146142749805,False,1
381655186111819,@429532240451803 @690883004797923 Mag-ambagan din kaya tayo pang billboard ng “Utang na loob Pinas; iboboto paden ba naten mga parehong apilyedo?” 😭,0,0,0,0,39,0,2025-02-17 21:26:43+00:00,tl,True,371986826113287,429532240451803,399549301586189,False,1
922639199174473,@429532240451803 @690883004797923 ang naalala ko sabi ni Garcia is may distanxe requirement ata. pero wala akong maalalang comelec reso,0,1,0,0,367,0,2025-02-17 11:14:00+00:00,tl,True,371986826113287,226282893484430,226282893484430,False,2
350919291303905,@429532240451803 @690883004797923 Hindi na bago toh sa bulok na gobyerno ng pilipinas… 💀💀💀💀 pg nanalo pa yang mga trapo at basurang politiko wla n tlga pag asa pinas😒🙄 hirap mo mahalin PH🇵🇭🇵🇭🇵🇭🇵🇭🇵🇭🇵🇭🇵🇭🇵🇭🇵🇭🇵🇭🇵🇭🇵🇭,0,0,0,0,24,0,2025-02-17 15:39:06+00:00,tl,True,371986826113287,429532240451803,571845419145062,False,1
139553382172832,"@429532240451803 @690883004797923 Tangina din ng comelec to allow this. Kaya nagkalat ang basurang tarpaulins at plastic pagkatapos ng kampanya, yung iba hindi na inaalis. Dapat nirerequire din alisin kapag tapos ng kampanya, kakabwisit talaga kapag election period dito. Ang dudumi ng muka.",0,0,0,0,49,0,2025-02-17 14:15:00+00:00,tl,True,371986826113287,429532240451803,921610839654951,False,1
53046581892806,"@429532240451803 @690883004797923 Ang Comelec all talk lang yan, pero pag may nagvaviolate na mga kandidato, kahit nakikita na ng dalawang mata nila, either dinededma lang o mabagal pa sa pagong ang aksyon.",0,0,0,0,11,0,2025-02-18 01:23:28+00:00,tl,True,371986826113287,429532240451803,978288092657410,False,1
824919365793657,@429532240451803 @690883004797923 Isama mo na si @472478050669652 mga violator ng Omnibus Election Code,0,0,0,0,8,0,2025-02-18 05:02:40+00:00,tl,True,371986826113287,429532240451803,16325697451642,False,1
851903250460558,@429532240451803 @690883004797923 Di kaya ng comelec hahahahhahaa,0,0,0,0,200,0,2025-02-17 11:43:18+00:00,tl,True,371986826113287,429532240451803,506826408850052,False,1
875195930305056,@21511923929102 Naalala ko kasama sa exam ultimo secretary ng ahensha dati. So panong hindi nya alam kung ano comelec???,0,0,3,0,1409,0,2025-02-28 13:46:38+00:00,tl,True,856185408969377,21511923929102,631178780687477,False,1
856185408969377,Bet ko yung sinabi ni Kim Chii na sa teacher mo di ba nag-aaral ka? Bwahahaha. Get her ate! Taena elementary palang pinapagawa na yung project na ipasa yung mga current cabinet members ng kasalukuyang administrasyon. Tapos si ghagha Comelec lang di pa alam,225,63,2808,20,273791,215,2025-02-28 08:36:00+00:00,tl,False,856185408969377,,21511923929102,True,1
556243402183486,@21511923929102 Hindi sya bumoto sa SK? 🤔,0,0,0,0,637,0,2025-02-28 11:01:20+00:00,tl,True,856185408969377,21511923929102,228273194382947,False,2
104550089547805,"@21511923929102 Nakaka bother na tlga mga ibang gen z ngaun..umiikot sa social media,,, relevant sa panahon ngaun ang comelec tas c ate girl wala daw sya knowledge sa comelec.. jusko po sana maging aware nman cla sa mga nangyayari sa kapaligiran..",0,0,19,0,6736,0,2025-02-28 08:55:31+00:00,tl,True,856185408969377,21511923929102,216749834411672,False,1
311394762465174,"@617268793518215 Hoy gising mga botante, wag ngl alokol",0,0,1,0,202,1,2025-02-21 02:31:05+00:00,tl,True,445374522464510,617268793518215,834964703404444,False,1
11939615515154,@617268793518215 Pusha! Talaga ang mga botante ng pilipinas mapapamura kana lang sa kabubuhan talaga grave!!!! Ano yan magtatanggol n lng cla sa mga kampon nila buong taon again wala ng pagbabago sa pilipinas hangat may mga bobong nakakarami,0,0,0,0,10,0,2025-02-21 23:21:16+00:00,tl,True,445374522464510,617268793518215,634392834001914,False,1
320400385896881,"@617268793518215 dapat talaga, tax payers at ofws lang ang allowed bumoto... damay tayo sa katangahan ng mga pabigat sa lipunan",0,0,1,0,234,0,2025-02-21 03:40:42+00:00,tl,True,445374522464510,617268793518215,854561362122100,False,1
462507763349939,@920652244869747 @325680252986141 @951392445303700 Wala ngang paki mga tao panong gagawin kasalanan pa ba naman ni bam yun kung napakadaming naniniwala pa rin sa mga duterte? Mas madami pa rin yong pinalalagpas lang mga ginawa nila kesa sa mga naghohold accountable sa kanila kaya nga paulit ulit lang tayo majority ng botante bobo,0,0,0,0,117,0,2025-02-12 02:57:24+00:00,tl,True,869946145241431,920652244869747,488380576739786,False,1
25126752891504,"@325680252986141 Ang alam kong non-issue ay ang pagtakbo ni Bam, Kiko at Leila. Walang may interes na iboto kayo.",0,0,0,0,156,0,2025-02-11 11:40:26+00:00,tl,True,869946145241431,325680252986141,907395483524102,False,1
283737668036039,@776109641341820 Wag nang iboto muli ang babaetang i2 tridor,0,0,2,0,116,0,2025-02-06 13:43:28+00:00,tl,True,414042849011671,776109641341820,806338876931928,False,1
471345650849654,@159782372079092 @776109641341820 Di mo alam? Dahil pinabalik mo sila sa pwesto. Pwede na nilang manipulahin ang halalan!,0,1,0,0,20,0,2025-02-06 07:52:21+00:00,tl,True,414042849011671,159782372079092,88987228372981,False,1
145556082882372,"@552630089176844 Iboto, ipasot mga tunay at tapat sa Senato para may mas ahasan...

@431221529830437  2028!",0,0,0,0,28,0,2025-02-15 04:08:30+00:00,tl,True,914140035496982,552630089176844,520665882240963,False,0
200130966222499,"@552630089176844 Educate muna natin ang mga voters lalo na sa mga kasuluk-sulukan ng Pilipinas. Hangga’t tuloy tuloy na uto uto at bobo mga botante natin, hindi mananalo si Leni o sino man sa opposition.",0,0,3,0,272,0,2025-02-13 08:15:13+00:00,tl,True,914140035496982,552630089176844,484193579293685,False,0
262483941504671,@403780272519270 uso dito wala naman nangyayari hahahaha hawak sa leeg ang comelec 🙃 maingay ang National pero mga nasa baba ang duwag,0,0,2,0,96,0,2025-02-17 02:22:58+00:00,tl,True,465599500902690,403780272519270,843476880047365,False,1
465599500902690,"Sa boto nakasalalay ang kahihinatnan ng bayan.

'Wag ipagbili ang iyong kinabukasan. #Halalan2025 

Kaugnay na ulat: https://t.co/6mtarUhVzU https://t.co/nOibra9k2C",72,50,291,13,21978,6,2025-02-16 09:29:08+00:00,tl,False,465599500902690,,403780272519270,True,0
654843635430875,@589029215591253 E kung enexplain mo ng maayos at pinakita lahat ng rcbo ngaun palang bobotohan na kita at ipupush sa sunod na halalan,0,0,0,0,14,0,2025-02-03 07:59:23+00:00,tl,True,80959868884570,589029215591253,292900939627278,False,1
523502352375158,"@846602013074033 @94169936503831 @589029215591253 Lols
Ang daming claim ng tatay nyong gago
Pero wala namang totoo
Palibhasa uto uto kayo sa lahat ng sasabihin nya
Dumami lang mga asa sa ayuda nung umupo ung Dugong 🤡
Tax naman ng mga hindi bumoto sa kanya ung nilustay nya",0,0,1,0,5,0,2025-02-03 10:59:25+00:00,tl,True,80959868884570,846602013074033,166700711935953,False,1
874662296682276,"@403780272519270 Possible, paano nga naman siya na approbed sa COMELEC na tumakbo. Malay natin. Tayo ay Isang hamak na tao lamang para husgahan siya.",0,0,0,0,14,0,2025-02-13 20:45:14+00:00,tl,True,752854735189066,403780272519270,370032373752446,False,1
838998839559228,@403780272519270 Bakit pinayagan ng Comelec na tumakbong senador e may kaso sya ? Sa magkano ?,0,1,1,0,44,0,2025-02-13 12:10:11+00:00,tl,True,752854735189066,403780272519270,508174333194116,False,1
793153895948977,"@742776083943287 Wala ka mang partido, makinaryang politikal at pera. Ang track record mo sa nagdaang 3 dekada ay sapat na upang ikaw ay aking iboto. College ako, nung nakita ko sa TV ang pagtaya mo ng iyong buhay upang isiwalat ang kurapsyon sa AFP.",0,0,1,0,8,0,2025-02-12 05:21:27+00:00,tl,True,144626751597316,742776083943287,68047601633106,False,0
651669079821156,"@439483351890134 @742776083943287 b0bang mukhang pwet, tigilan mo kami. kahit anong paliwanag ni Comm. Heidi sa iyo alam naming hindi mo siya iboboto kasi mas gusto mong iboto yung mga kapwa mo b0b0, tapos boboto ka rin ng kriminal, rapist, at human trafficker.",0,0,0,0,18,0,2025-02-03 06:20:27+00:00,tl,True,144626751597316,439483351890134,732358917867673,False,1
144626751597316,"Aking mga anak, Nawa’y matulungan niyo po ako mas mapakilala pa ang pinaglalaban. 🇵🇭💜

Sigurado kayo sa senado tayo’y magttrabaho na hindi kailangan magnakaw. 

Let me be the one. 😉

#45HeidiMendoza 
#FormerCOACommissioner 
#TaxNgInaNiyo
#Halalan2025 https://t.co/yvn5eCOFhm",6280,170,20175,314,615508,439,2025-02-02 07:54:11+00:00,tl,False,144626751597316,,742776083943287,False,0
368368335693720,@742776083943287 Sbihin ko din s group chat ng clan nmin na iboto ka po..,0,0,0,0,43,0,2025-02-02 08:34:14+00:00,tl,True,144626751597316,743880673356776,743880673356776,False,0
575011259190853,@676412178050337 malapit na ang botohan dahil nagsimula na ang kampanya ngayon palang pag-aralan na kung sino ang karapat dapat na iboto natin,0,0,0,0,2,0,2025-02-13 22:08:56+00:00,tl,True,137625939233980,676412178050337,329794020788989,False,0
616171863716123,@676412178050337 Good luck sa kampanya ng mga kandidato! siguraduhin lang po na maayos ang kampaya niyo ay sundin ang rules and regulations ng comelec.,0,0,0,0,23,0,2025-02-10 09:59:53+00:00,tl,True,137625939233980,676412178050337,684561204201719,False,0
467927359768995,@997640908579715 @552630089176844 Tapos na tayo. Sa botohan talong talo tayo.,1,2,4,0,94,0,2025-02-26 12:05:05+00:00,tl,True,542009415032235,997640908579715,7595767113704,False,1
523278420642163,"@552630089176844 Punyemas!!! Goodbye Philippines na ba talaga dahil sa mga mangmang, bobo at mga tangang botante??? Lalake ako pero parang gusto kong maiyak kapag nagkatotoo yan!!!",0,0,0,0,3,0,2025-02-27 00:43:00+00:00,tl,True,542009415032235,552630089176844,837109656898618,False,1
130686506774030,@552630089176844 Pag nangyari ito e botante na Talaga Ang problema ng bansang Pilipinas,0,0,0,0,65,0,2025-02-26 11:18:15+00:00,tl,True,542009415032235,552630089176844,550281029069292,False,1
669850300901597,"@989041278377186 For sure and take ng mga bobong botante dito is.. 
AYYY NAKAKAAWA NAMAN SYA... MAY CHANCE NAMAN ANG LAHAT MATUTO KAYA BOBOTO KOTO KAHIT WALANG ALAM SA TRABAHO NYA.",0,0,0,0,10,0,2025-02-26 11:52:01+00:00,tl,True,52873771120169,989041278377186,401311427304317,False,1
382771662558937,@989041278377186 Tama na ang mga walang ambag sa senado iboto naman natin ang may pakinabang,0,0,2,0,17,0,2025-02-26 06:03:18+00:00,tl,True,52873771120169,989041278377186,41092905570295,False,2
259933391800239,"@420333936460231 Elementary palang nababanggit na yang Comelec. Sinisi nya pa yung wala syang tv at di daw dumadaan sa newsfeed nya. Kaloka ka ate! Kung sa ganda din naman, hindi rin naman sya kagandahan. Sna inuna nya palamanan ang brain nya. Through???!",0,1,8,0,3078,0,2025-02-28 10:11:09+00:00,tl,True,159823680205470,420333936460231,930054354084864,False,1
434902260329130,"@420333936460231 alam mo yung ""bayad bayad ng votes"" pero ndi mo alam ang comelec ? 😭😤",0,0,0,0,105,0,2025-02-28 14:12:52+00:00,tl,True,159823680205470,420333936460231,941578935610029,False,1
390140313981265,@420333936460231 Nakakalungkot pero sa Elem at HS po may mga Student Council. Fdun pa lang trained ang mga students na bumoto ng tama. somehow na experience niyang bumoto sa school....,0,0,0,0,76,0,2025-02-28 11:01:58+00:00,tl,True,159823680205470,420333936460231,245705656757626,False,1
613610836050734,"@420333936460231 bothersome talaga. jusko noong mag-18 ako, excited akong hindi dahil sa bday ko pero dahil makakaboto na ako ng national level, and i voted Raul Roco 2004 presidential elections.

going back kay ate, buti na lang hindi sya botante, naka nakadagdag pa yan sa boboto sa mga tanga.🤦",0,0,0,0,242,0,2025-02-28 13:41:11+00:00,tl,True,159823680205470,420333936460231,150302587763226,False,1
115733871997810,"@420333936460231 (: ano tinuturo ngayon sa schools 
and wtf- sang lupalop ng bansa to nakatira??? di nya naririnig ung COMELEC sa mga magulang nya??",0,0,1,0,696,0,2025-02-28 11:51:19+00:00,tl,True,159823680205470,420333936460231,595664886830954,False,1
535022063733146,@239324026450801 @420333936460231 Beh. Walang nagturo sa school kung ano ang comelec? Di ba yun ang point? Bakit di nya alam kahit 20 na sya? Edi may education crisis nga?,0,0,0,0,59,0,2025-02-28 21:08:40+00:00,tl,True,159823680205470,239324026450801,218566221165282,False,1
156133272335145,@420333936460231 Pwd ba kaya @767491417819876  @690883004797923  pag tungtong ng 15 years old na pwd na na mag pa rehistro  sa comelec gawin required sya s school tulad nito 20 years old na hnd alam ang gingawa ng comelec at di pa rehistrado sq edad n 20 years if pwd gawin required sa mga school,0,0,4,0,947,0,2025-02-28 10:50:48+00:00,tl,True,159823680205470,420333936460231,44307417805186,False,2
226799629275713,"@420333936460231 Jusko Grade 4 or 5 alam ko na kung ano yang comelec, san ba to nag aral ng elementarya? Kakaloka! Tiktok pa more!",0,0,2,0,127,0,2025-02-28 07:55:20+00:00,tl,True,159823680205470,420333936460231,821156580012912,False,1
597168093848586,"@420333936460231 Awkwaaaard. HAHAHA. I mean, daming excuses.

Di botante
Wala raw TV
Di nag-a-appear sa socmed

Well, baka nga wala talaga silang TV.... pero imposible namang di sya active sa social media. For sure, meron at meron syang access sa news.

BAKA WALA LANG TALAGA SYANG PAKIALAM 🥺😭",0,0,1,0,1106,0,2025-02-28 12:08:06+00:00,tl,True,159823680205470,420333936460231,201876001928992,False,1
852008548421707,@420333936460231 Kahit walang tv at internet kahit sa public school ka nagaaral tinuturo yang about comelec. Tulog siguro si ate sa klase kaya ganurn.,0,0,0,0,411,0,2025-02-28 07:30:55+00:00,tl,True,159823680205470,420333936460231,161386870312396,False,1
243110195977010,"@420333936460231 Di ko talaga kaya tapusin yung video, i felt second embarassment for her. Pero feeling ko na taranta lang sya or something so safe nlang sabihin na di nya alam. Idk.. ang hirap intindihin na di sya familiar sa comelec. Huhu",0,0,1,0,1077,0,2025-02-28 12:13:11+00:00,tl,True,159823680205470,420333936460231,652780595884279,False,1
288498959316758,"@420333936460231 Wala ba syang nakikita na mga poster sa mga kalsada na mukha ng mga politician?? Syimpre ikaw, mag tataka ka ano ito? Para saan ito? Mygosh, nakakalungkot lang isipin na meron hindi aware sa politics / comelec..",0,0,0,0,219,0,2025-02-28 07:25:36+00:00,tl,True,159823680205470,420333936460231,611531398041129,False,1
903079106851023,@420333936460231 Sad pero hindi na ako nagulat. Mga kaworkmate ko sa BPO karamihan apolitical at hindi botante. Skl HAHAHA,0,2,3,0,10067,0,2025-02-28 08:25:36+00:00,tl,True,159823680205470,420333936460231,476634245227758,False,1
693010204317023,@420333936460231 Nakakabadtrip tong babaeng to. Akala nya pa siguro nakakatawa na hindi nya alam ang COMELEC at 20yrs old of existence 🥲😭,0,0,0,0,21,0,2025-03-01 12:44:11+00:00,tl,True,159823680205470,420333936460231,898760991750353,False,1
357520440422760,@420333936460231 Kakahiya sya 20yrs old di alam ang comelec..iba pa rin tlga edukasyon noon kasi elem pa lang pinapa memeorize na ung meaning ng comelec sa mga bata,0,0,0,0,16,0,2025-03-01 00:13:00+00:00,tl,True,159823680205470,420333936460231,23308075213488,False,1
434256772810638,"@566814880506421 @420333936460231 @587581332665422 Sa palagay ko, kahit hindi ka na maki-involve sa politics or give up ka na sa gobyerno.. in case lang ha.. there's no reason NOT to know COMELEC. More or less updated naman siguro siya because of socmed.. 🤷‍♀️🤔",0,0,0,0,149,0,2025-03-01 00:14:26+00:00,tl,True,159823680205470,566814880506421,711143668625934,False,1
78757601348290,@420333936460231 Prang c nanay leni lng lutang ang sagutan comelec di alm😅😅😅😅🤪🤪🤪🤪,0,0,0,0,20,0,2025-03-01 17:43:17+00:00,tl,True,159823680205470,420333936460231,153871808077477,False,1
176500404260109,@420333936460231 hindi pala botante ang bobang yan? nakikisakay lang sa DDS logic?,0,0,0,0,6,0,2025-03-01 00:17:58+00:00,tl,True,159823680205470,420333936460231,783104815390454,False,1
353625581592467,@346727183569256 @420333936460231 Sabi na eh. Alam niya ang COMELEC. Wala lang talaga siyang sagot na apololitical.,0,1,3,0,132,0,2025-03-04 09:33:54+00:00,tl,True,159823680205470,346727183569256,216098596171750,False,1
10247788398984,"@420333936460231 Jusmiyo, 15 years old plng alam na yan, may sanguniang kabataan. At yung parents nya di botante?  Hindi naging topic sa bahay nila ang eleksyon? Hinahawla sya sa bahay nila? huyyyy kaloka!",0,0,0,0,82,0,2025-03-01 11:35:29+00:00,tl,True,159823680205470,420333936460231,511630367528180,False,1
1999746968311,"@460436796410133 Maawa kayong mga botante sa sarili nyo, pamilya nyo at susunod na henerasyon kung iboboto nyo pa ung mga yan. Mag-isip isip na. Paulit ulit nalang, iba naman",2,0,29,0,1603,1,2025-02-10 05:26:55+00:00,tl,True,543417101331335,460436796410133,453836684166219,False,0
610413348900152,"@460436796410133 Mind conditioning. Maging mapanuri sa pagpili ng iboboto, kahit bayaring troll farm or NPC ka, bumoto ka padin ng tama. Maawa kayo sa Pinas at sa anak nyo :|",0,0,0,0,4,0,2025-02-10 11:24:33+00:00,tl,True,543417101331335,460436796410133,753430467065493,False,1
589225937993834,"@460436796410133 Ganyan na ba ka idiot ang botante sa bansang ito?!!! STOP this nonsense report @460436796410133 !!!! 
#UNFOLLOW",0,0,0,0,2,0,2025-02-10 23:31:01+00:00,tl,True,543417101331335,460436796410133,934663925922872,False,1
681217626307360,@460436796410133 Huwag na tayong bumoto… wala nang pagasa ang Pilipinas…,0,0,0,0,5,0,2025-02-10 06:07:51+00:00,tl,True,543417101331335,460436796410133,177480666931822,False,1
841911489069304,@138597082847997 Sino sino ba ang mga dapat iboto sa election para maibigay ko list sa mga kamag anak ko na kokopyahin n lang para di na mag isip kung sino karapat dapat..kasi nung duterte time gumaya lang ayun sising sisi sila 😅,0,0,0,0,7,0,2025-02-10 06:25:51+00:00,tl,True,129558093378348,138597082847997,291995886537055,False,1
403560231399260,"@138597082847997 Joel V is the Number 1 SINator 
Huwag ng iboto ! Ibato na lang sa Tsina! Napa Hipokrito hindi maka KRISTO https://t.co/Kj1H5fPzNk",0,0,0,0,6,0,2025-02-07 09:29:01+00:00,tl,True,129558093378348,138597082847997,837421408136740,False,1
624805082322152,@707866047743325 @138597082847997 pero kung dadayain ni bbm ang botohan kasi sanay naman sila sa dayaan pwede hindi nya panalunin ang mga pro duterte.. dapat ganun gawin kontrollin ang comeles sa botohan para maimpeach si sara tas yung pro duterte gaganti sa marcos haha bye duterte marcos a win for us haha,0,0,5,0,1014,0,2025-02-06 16:28:15+00:00,tl,True,129558093378348,707866047743325,54009802482589,False,1
980549028506583,"@903535724551916 @765519907942452 pass kasi dds ka at mas gusto mo iboto ang mga corrupt, at walang alam sa serbisyo tulad ng isang robin padilla, bato at bong go na ang loyalty ay di sa sa bayan kundi sa mga du30.",0,0,0,0,11,0,2025-02-01 17:57:35+00:00,tl,True,616564561774428,903535724551916,457113605566341,False,1
888879519561328,"@765519907942452 Libreng Kolehiyo at Siguradong Trabaho Para sa Bawat Pilipino.

Presyo ng Bilihin, Napababa Natin Noon, Kayang Pababain Ngayon.

Para sa Ikabubuti ng Bansang Pilipinas, Senadong Tapat, Angat Tayong Lahat!

Iboto Natin sina Kiko Pangilinan at Bam Aquino sa Senado! 💚🩷🇵🇭 https://t.co/Iq8UyGE6SS",5,3,22,1,745,1,2025-02-01 08:20:21+00:00,tl,True,616564561774428,765519907942452,136602444931068,False,0
497617150729932,@429631478153790 @589029215591253 Hindi po pag bibigay ng laptop o kahit anong bagay ang ginagawa ng isang senador. Gumagawa po sila ng batas para sa ikauunlad ng bawat Pilipino. Kung gusto nyo pong hindi lang laptop ang makuha ng iyung pamangkin. Wag nyu po syang iboto parang awa nyu na po! 🙏,0,0,4,0,368,0,2025-02-10 14:21:55+00:00,tl,True,561798946968838,429631478153790,731938974830198,False,1
23338523527737,@502775900726148 @589029215591253 Bumababa na din kase ang kalidad ng botante ngaun. dati naman puro matatalino talaga ang nasa senado.,0,0,0,0,11,0,2025-02-10 14:04:43+00:00,tl,True,561798946968838,502775900726148,567563197872888,False,1
383512999555965,@995120649715525 Hindi dapat iboto ang anak ng dynasrty na ito ba pro-China. Ibasura natin si Camille Villar sa darating na eleksyon.,0,0,6,0,110,0,2025-02-20 00:11:28+00:00,tl,True,240106616323797,995120649715525,35721736338901,False,1
831855993169508,@995120649715525 Kasi nga mga pro tsekwa sila.. nakipag pulong pa nga ung ibang tumatakbo sa mga tsekwa eh.. ang tanong dun ano ang pinag usapan ng team pro tsekwa sa mga opisyal na tsekwa.. nakuh dpat wag iboto mga tumatakbo na wala ang loyalty sa mga Pilipino.,0,0,7,0,319,0,2025-02-19 11:46:59+00:00,tl,True,240106616323797,995120649715525,694101221723697,False,1
770219887051955,@995120649715525 Nakakatakot ganito yung mga ineexpect ko na hindi dapat iboto at dapat na matalo pero 😭 pag counting ng sila pa talaga yung nakaka kuha ng mataas na boto.  Hay aywan Pilipinas!,0,0,1,0,64,0,2025-02-20 12:02:24+00:00,tl,True,240106616323797,995120649715525,886040925082763,False,1
254501588826658,@995120649715525 Pero mananalo pa yan for sure. Magtutulong ba naman ang mga tangang botante at SD card eh 😂,0,0,1,0,10,0,2025-02-19 23:51:47+00:00,tl,True,240106616323797,995120649715525,680112300757828,False,1
270608458224739,@237410519977083 Yup wag nyo na iboto yung mga nasa “top 12” ng survey na senators from kadiliman and kasamaan. Just kiko and bam and other candidates like @742776083943287,0,0,3,0,193,0,2025-02-13 02:44:56+00:00,tl,True,130234712141903,237410519977083,218212258864920,False,0
99529580230131,"@237410519977083 Pwede naman iboto yung iba, wag lang yung mga nasa magic 12, para di na dumagdag sa boto nila.",0,0,1,0,99,0,2025-02-14 02:02:03+00:00,tl,True,130234712141903,237410519977083,59260052991660,False,2
216221437879098,"Yung tawa palang nila parang may masamang plano sa halalan?

Kailangan natin magbantay sa darating na halalan kasi nagsama-sama ang mga dem*nyo sa lupa.🤔🤐😦 https://t.co/u3O1ZVoHAG",63,65,172,6,11616,5,2025-02-20 11:41:31+00:00,tl,False,216221437879098,,776109641341820,False,1
441796844150047,@776109641341820 gaya ng ginawa ng poon nyo nung huling halalan?,0,3,2,0,200,0,2025-02-20 12:56:10+00:00,tl,True,216221437879098,776109641341820,705063776114825,False,1
414615930879251,"@403780272519270 Lahat ay may karapatan mamili kung sino ang inyong paniniwalaan, kung hanggang ngayon gusto niyo pa rin mamuhay sa kasinungalingan at patuloy pa rin ang galit ninyo sa Pangulong gumagawa ng tama at patas na batas. Malaya kayong bumoto na sa tingin ninyo yong masama ay mabuti.",0,0,0,0,518,0,2025-02-13 02:44:27+00:00,tl,True,993929837833159,403780272519270,658406759221380,False,0
115909625903773,@403780272519270 Walang bahid ng dugo pero maraming may bahid ng kurakot at bangag... Hahahah tignan natin sa election lulusot ba pero sigurado hindi ko sure kung patay ba mga yan baka naluto na ni COMELEC.,0,0,0,0,28,0,2025-02-12 15:56:14+00:00,tl,True,993929837833159,403780272519270,301489458757303,False,1
20234024335307,"@387006647385904 @151263991338986 Senador ka ng Pilipinas, Robin, hindi lang ng mga Du30. Kung acquittal ang boto mo, o di sige! Pero magdesisyon ka base sa mga ebidensiyang ihahain. Kung ikaw ba nakasuhan, gusto mo may desisyon agad hindi pa man kinikilatis ng husgado ang mga ebidensiya?",0,0,0,0,1,0,2025-02-12 16:13:14+00:00,tl,True,638564034755817,387006647385904,97540979363395,False,1
777934859338217,"@387006647385904 Tangna naman talaga, eh ngayon pa lang nman alam mo pinupulitika lang si Inday eh bakit d mo ilalabas boto mo.",0,0,0,0,11,0,2025-02-12 04:20:10+00:00,tl,True,638564034755817,387006647385904,640968489240704,False,1
501029238491278,"@206174889046767 Ay, nilaglag si Romualdez 🙀Totoo pala na binayaran sila to vote yes sa impeachment 🙀🙀🙀🙀🙀🙀🙀Huwag IBOTO lahat ng pumirmang representathieves para sa impeachment ni VP Sara Duterte, the only working vice president 💚🇵🇭🇵🇭💚🇵🇭💚🇵🇭💚🇵🇭",0,0,0,0,141,0,2025-02-06 16:19:51+00:00,tl,True,388883419148211,206174889046767,813392361903609,False,1
271844818452009,"@206174889046767 sa mga kababayan nya, huwag nyu naman sabihin na obob din kayo pag dating ng halalan.",0,0,0,0,5,0,2025-02-06 22:53:06+00:00,tl,True,388883419148211,206174889046767,168338143103386,False,1
276858176417673,"@79347498367032 Kadiri mga to naka depende sa sasamba sa Duterte ang iboboto, lipat kayo ng Davao para Duterte iboto nyo 😂",0,0,1,0,58,0,2025-02-07 05:38:18+00:00,tl,True,3633432972904,79347498367032,441628628363678,False,1
539478031558047,@79347498367032 Lipat na lng kamo sila sa Davao para iboto nila mga Duterte dun.,0,0,1,0,73,0,2025-02-07 04:36:57+00:00,tl,True,3633432972904,79347498367032,906871789985232,False,1
696143052553961,@8487425494700 Ito listahan ng di dapat iboto.,0,0,4,0,1599,0,2025-02-11 07:06:25+00:00,tl,True,517070653765884,8487425494700,310536947259212,False,1
865004477718521,"@8487425494700 sad reality po kasi is yung mga 50 yo and above na bumoto kay madam Leni e hindi po align sa voting strategy ng millennials..
panu po kaya natin sila makukumbinsi? 😓🙏🏼",0,0,0,0,504,0,2025-02-11 06:34:26+00:00,tl,True,517070653765884,8487425494700,223060543352980,False,1
782906874984832,"@36502604678147 Kaya pag may news article tungkol sa kanya, tina tag ko fbi most wanted. The audacity that cult na guluhin pa lalo ang Pilipinas. Apaka walang kwenta ng COMELEC",2,0,23,0,1695,0,2025-02-13 06:42:08+00:00,tl,True,246831832317187,36502604678147,836103348860562,False,1
754798340209644,@920652244869747 @36502604678147 @690883004797923 Eh un may conviction n nga sa kidnapping @349986910428248 kapal p ng mukhang mgsenador.,0,1,0,0,612,0,2025-02-13 07:23:19+00:00,tl,True,246831832317187,920652244869747,549942985261142,False,1
731087160929572,"""Sorry po hindi po ako masyadong knowledgeable about sa COMELEC,"" sagot ni Heart.

""Ilang taon ka na ba?"" tanong muli ni Vice.

""20 po,"" sagot pa niya.

""Oh my gosh, that's bothersome, okay,"" dagdag pa ni Vice.

""Hindi ka ba bumoboto?"" tanong naman ni Kim Chiu.",0,1,0,0,225,0,2025-02-28 13:13:26+00:00,tl,True,581571034801181,886236293751531,886236293751531,False,2
967762708791984,"""Hindi pa po,"" sagot pa niyang muli.

""Wala kang naririnig tungkol [sa COMELEC]? Hindi ka ba nanonood ng telebisyon? Nagbabasa ng dyaryo?"" tanong pa ni Vice.

""Wala po kaming TV. [...] Hindi po din masyado lumilitaw sa news feed ko,"" saad pa niya.",0,1,1,0,157,0,2025-02-28 13:13:26+00:00,tl,True,581571034801181,886236293751531,886236293751531,False,2
716075450906775,@526730790366201 @885932131248309 @403780272519270 tang ina wag ng iboto ang ganyan!,0,0,0,0,29,0,2025-02-03 15:37:20+00:00,tl,True,77609788847288,526730790366201,151631054321724,False,1
473174904827056,"@526730790366201 @885932131248309 @403780272519270 Ay Bobbsy na Bobbsy. Gising Pilipinas, huwag bumoto sa mga ganitong kandidato. Magsisisi din kayo sa bandang huli.",0,0,1,0,24,0,2025-02-03 10:56:13+00:00,tl,True,77609788847288,526730790366201,462087572023511,False,1
677096269590124,@526730790366201 @885932131248309 @403780272519270 Ang sarap MURAHIN ng mga bumoto dito,0,0,56,0,8225,0,2025-02-03 09:02:07+00:00,tl,True,77609788847288,526730790366201,261758230591829,False,1
800353922165142,@526730790366201 @885932131248309 @403780272519270 Masaya daw sa senado. Easy money sa kanya. Wag naman iboto mga ganitong taong hangad lang maisalba ang poon niyang duterte 🫵,0,0,0,0,8,0,2025-02-03 17:42:56+00:00,tl,True,77609788847288,526730790366201,540615838460378,False,1
604113179564960,"@910530064236473 @587581332665422 ang parents!
yung pamangkin ko nung nag 18 niremind  talaga namin na magparegister na sa Comelec.. binigay namin ang location sa comelec ofis namin.. willing kaming samahan sya",0,0,17,0,3764,0,2025-02-28 08:33:07+00:00,tl,True,859383390387237,910530064236473,4816537927986,False,0
567665646139423,@223060543352980 @910530064236473 @587581332665422 kami dati niremind kmi ng teacher namin noong HS na magparehistro sa comelec...pero ngaun ewan ko lang kung nagreremind pa cla sa mga students,0,0,1,0,587,0,2025-02-28 21:40:25+00:00,tl,True,859383390387237,223060543352980,434727774044388,False,2
533743804607277,@910530064236473 @587581332665422 sobrang lala to. No excuse. Baka alam pa ni Argus ang COMELEC e,0,0,0,0,1698,0,2025-02-28 13:34:49+00:00,tl,True,859383390387237,910530064236473,608446443449420,False,1
398036254025565,"@910530064236473 @587581332665422 walang karapatan mang8080 mga bumoto sa mga nanalo sa nakaraang election🤡. May pa ""tinuro yan ng elementary"" Eh bakit nasa ganitong situation tayo? Isa din kayong 8080",0,0,0,0,23,0,2025-03-02 01:06:34+00:00,tl,True,859383390387237,910530064236473,502559058508802,False,1
169722953857416,@910530064236473 @587581332665422 Tiyak yan pag pasok niya sa school s lunes tuturuan yan ng teacher niya about comelec👀👀👀👀🤣,0,0,0,0,686,0,2025-03-01 04:30:03+00:00,tl,True,859383390387237,910530064236473,685640441210584,False,1
561780990339949,"@910530064236473 @587581332665422 Even sa tiktok may mga mapapanood ka bout comelec,election etc siguro tlga wla lang sya interest na panoorin o magkaroon ng kaalaman bout sa mga ganito usapin hayyy",0,0,1,0,116,0,2025-03-01 02:44:52+00:00,tl,True,859383390387237,910530064236473,989296493110952,False,1
388037560839593,"@972890161400492 Naguunahan,nagmamadaling makapirma para makakuha ng pinamimigay na malaking halaga ng Ayuda mula sa Pambansang 2025 Budget,ipamigay kaya sa constituents lahat o mas malaki ibulsa,alerto mga botante ng mga representatives na pumirma,abangan Ayuda pero bahala kayo kung iboboto nyo",0,0,0,0,12,0,2025-02-06 06:10:27+00:00,tl,True,347012329120224,972890161400492,601752683822196,False,2
693506849697375,"@972890161400492 Pambaboy sa konstitusyon at pambabastos sa milyon milyong bumoto sa bise presidente! Napatunayan ba nila na may nilabag na batas ang bise? Kase kung meron, korte ang magsasabi. Korte ba ang quadcom? Minamanipula nila ang bayan sa katraydoran nila! #HindiMOOEPeraYan #mambabastos",3,7,34,0,711,0,2025-02-06 00:03:04+00:00,tl,True,347012329120224,972890161400492,437811230525731,False,1
709337647734152,"Rejuso: Kung sila ay tumindig, sila ay dinarahas o kaya kinikitil ang kanilang buhay.

#halalan2025",0,1,0,0,38,0,2025-02-11 09:27:24+00:00,tl,True,204122741050843,976286704259542,976286704259542,False,2
148284295306612,"Adonis: Tataas ang singil sa koryente ngayong pebrero. Tataas ang SSS premium ng mga manggagawa. Itataas ang pamasahe sa MRT at LRT.

#halalan2025

https://t.co/jo148dO2Yt",0,1,0,0,29,0,2025-02-11 10:25:44+00:00,tl,True,204122741050843,976286704259542,976286704259542,False,2
306859938068898,"Andres: Matagal na sa kasaysayan ng Pilipinas na ang kadiliman at kasamaan ay tumutukoy sa imprelialistang US at China.

https://t.co/IScX4wzVFE

#halalan2025",0,1,0,0,57,0,2025-02-11 10:33:51+00:00,tl,True,204122741050843,976286704259542,976286704259542,False,2
251204496266452,"Bayoneta: Kasama ang ACT Teachers Partylist, Gabriella at Bayan Muna sa pagbasura ng batas kontra-mangingisda.

https://t.co/iBGULlbWGM

#halalan2025",0,1,0,0,46,0,2025-02-11 09:02:41+00:00,tl,True,204122741050843,976286704259542,976286704259542,False,2
254049519782985,@959301968601438 Oo mapanuri kami kaya hindi namin iboto ang mga kandidato mo kasi bangag ka ..,0,0,4,0,36,0,2025-02-16 17:46:18+00:00,tl,True,399439941411774,959301968601438,765199987538816,False,1
399439941411774,"Binalaan ni Pangulong Ferdinand R. Marcos Jr. ang publiko na maging mapanuri sa darating na halalan upang hindi na maulit ang panahong nais gawing probinsya ng China ang Pilipinas. Iginiit rin niya na hindi na dapat bumalik ang bansa sa panahong ibinubugaw ito bilang sugalan ng mga dayuhan.

#RP1News #RadyoPilipinas #RadyoPubliko #PBBM",24,64,126,5,5978,1,2025-02-15 14:12:36+00:00,tl,False,399439941411774,,959301968601438,True,2
230007221820394,"TINGNAN: Sa darating na #Halalan2025, ipinaalala ni College Editors Guild of the Philippines National Spokesperson Brell Lacerna ang gampanin ng mga estudyanteng mamamahayag sa unang araw ng 2025 UP Solidaridad Bi-Annual Congress, Peb. 4

#Soli2025 https://t.co/XYZ8tIfG8M",1,1,5,0,213,0,2025-02-04 05:44:57+00:00,tl,False,230007221820394,,258407942756817,False,2
910507603867476,"Bagama't hindi maghahalal ng panibagong presidente at bise-presidente, patuloy pa rin naitatala ang election-related violence sa bansa at namamayagpag pa rin ang disimpormasyon lalo na tuwing halalan, ani Lacerna.

Larawan ni Patricia Fontilar

#Soli2025",0,0,0,0,89,0,2025-02-04 05:44:58+00:00,tl,True,230007221820394,258407942756817,258407942756817,False,2
414011048813012,"Sa ika-47 na episode ng Dapat Pwede!, makakasama natin si Dir. Abigail Claire F. Carbero-Llacuna, Director III ng Education and Information Department ng COMELEC, upang talakayin ang mahahalagang detalye ng Online Campaign Platforms Registration, kung paano ito binabantayan, at ano ang magiging epekto nito sa eleksyon.",0,1,1,0,31,0,2025-02-24 10:03:35+00:00,tl,True,683166760076247,528479794581840,528479794581840,True,2
635946829260829,"Alinsunod sa COMELEC Resolution 11064 at 11064-A, lahat ng kandidato at partido na nagnanais lumahok sa eleksyon ay kinakailangang irehistro ang kanilang online at internet-based campaign platforms kabilang ang social media accounts, websites, podcasts, blogs, at vlogs sa Election and Information Department (EID) ng komisyon.",0,1,0,0,8,0,2025-02-24 10:03:34+00:00,tl,True,683166760076247,528479794581840,528479794581840,True,2
186303343113217,@439483351890134 @259264753449038 Kung may surebol silang 15M as per sa boto ni lenlen hindi na sila nagmamakaawa na iboto rin mga dilawan nilang senador ngayon. Asan na yung pink rally nila na pinagmamayabang nila. 🤣🤣🤣 sila sila naguutuhan...,0,0,0,0,20,0,2025-02-14 05:48:39+00:00,tl,True,267291192099398,439483351890134,108884175179289,False,1
200372996664598,"@259264753449038 Hindi naman yung mga bobotante ang kalaban natin kundi COMELEC. We have been cheated before, what assurance na hindi na naman nila tayo dadayain?",0,0,2,0,84,0,2025-02-13 13:24:42+00:00,tl,True,267291192099398,259264753449038,622400874029612,False,1
776811121022730,"@208287835608527 No to Bondoc na maglilingkod sa iisang tao at hindi sa sambayanang Filipino. 
Wag iboto!",0,0,0,0,18,0,2025-02-03 11:58:30+00:00,tl,True,841748129788833,208287835608527,738076544994320,False,1
693212598551363,@208287835608527 Hindi ojt ang senado….wag iboto !🧐,0,0,0,0,42,0,2025-02-03 11:37:25+00:00,tl,True,841748129788833,208287835608527,48622927152204,False,1
467384043032733,@96975668367760 nko si robin wlang maayos ginawa sa senado ang gusto Lang pumorma pro pulpol n pulpol si Gago! npka Bobo kc ng bumoto Kay Padilla,0,0,0,0,8,0,2025-02-01 19:56:30+00:00,tl,True,471397325686417,96975668367760,667098310818055,False,1
464884669285536,"@453836684166219 @96975668367760 Ay ,pag nabigyan ng Tig P300 mga botante nabobobo tlaga!!! Mga kulang kasi sa edukasyon.",0,0,0,0,4,0,2025-02-01 01:15:24+00:00,tl,True,471397325686417,453836684166219,612200449987107,False,1
807669150576399,@7595767113704 @348286395681118 mind conditioning para maniwala ang mga bobong bobotante at saka sa planong pandaraya ng comelec. walang pumalag noong 2019 at 2022 kaya uulitin na naman ni private ip address.,0,0,1,0,33,0,2025-02-28 08:05:57+00:00,tl,True,319525581260170,7595767113704,772824228303302,False,1
126453021018725,"@348286395681118 This is BS! Hindi ko ma-imagine kung ano ang kalalagyan ng Pilipinas kapag nagkatotoo ito. Ayokong isipin na may mas lalala pa pala sa kasalukuyang senado! Kahit isa lang kina LL, BG, BDLR, WR,  PS,  masasabi kong wala ng pag-asa ang mga botante sa Pilipinas! Lord have mercy 🙏",0,0,0,0,9,0,2025-02-27 17:13:37+00:00,tl,True,319525581260170,348286395681118,944853169877308,False,1
874398525783293,"@348286395681118 Pretty sure, may ginagawa na naman silang masama. Yan ay manipulation. Alam nila paniniwalaan yan ng mga botante lalo na yon nasa probinsya na walang alam sa totoong nangyayari.",0,0,11,0,238,0,2025-02-27 00:35:13+00:00,tl,True,319525581260170,348286395681118,7595767113704,False,1
573529232270472,@348286395681118 wala ng pag asa ang Pilipinas. Puro kagaguhan. Wala nin isang matino. Mga botante MAAWA kayo sa Pilipinas. nakalubog na sa utang (P16.09trillion)  na tayo rin taumbayan ang magbabayad. ninanakaw lang ng mga politiko ang pera ng taumbayan,0,0,0,0,51,0,2025-02-27 07:47:55+00:00,tl,True,319525581260170,348286395681118,532316196561307,False,1
735861894937563,"@325002683734926 Huwag magpapa-uto sa mga gimik at panloloko tulad ng Marcos-Duterte UniTeam. Kaya ang banat ko sa mga bumoto sa dalawang dinastiyang ito, ""Binoto niyo, tiisin niyo! Bahala nga kayo sa mga buhay niyo, at wala akong pakialam.",0,1,5,0,146,0,2025-02-10 06:31:33+00:00,tl,True,615256861485225,325002683734926,136602444931068,False,1
582730472737851,"@325002683734926 Pano matuturuan mga botante pinoy, yan ang Hamon. Pag nagawa  na  yan, bigyan ng jacket yan!😁😆😅",0,0,0,0,24,0,2025-02-10 21:23:45+00:00,tl,True,615256861485225,325002683734926,384316659206182,False,2
259917193082361,@226555420991737 Sure winner yan sa taong bayan.. Ang Tanong.. ipanalo ba Yan ng comelec? Mula ng umupo pag ka presidente si digong walang kredibilidad Ang comelec up until now.,0,0,0,0,5,0,2025-02-12 18:03:10+00:00,tl,True,236879792053480,226555420991737,421913166744810,False,1
157937884576407,@226555420991737 Reminder lng na Hindi nmn kailangan kompletohin ang Senator posts. Dapat botohan ang mga deserving lang.,0,0,0,0,13,0,2025-02-12 08:17:53+00:00,tl,True,236879792053480,226555420991737,265217467082849,False,0
738574231627376,"Aquino: Gaya nung 2022, nagsimula yung kampanya, medyo pasimula palang. But by the end of the campaign, narinig yung buong pundasyon ng politika sa Pilipinas. So ngayon, yun yung makikita po natin.

#Halalan2025 https://t.co/4qTL3Ijy7U",0,1,0,0,48,0,2025-02-11 02:59:37+00:00,tl,True,280957601831007,837005073614747,837005073614747,False,2
124276858348792,"Aquino: Gusto ho natin makita na fully funded, fully implemented yung programa natin, at wala dapat na hahadlang sa mga kabataan na nais makapagtapos sa ating bansa.

#Halalan2025 https://t.co/DzTY1Hcqz2",0,1,0,0,41,0,2025-02-11 02:43:43+00:00,tl,True,280957601831007,837005073614747,837005073614747,False,2
200418405125640,@387006647385904 Hindi dapat iboto yan bukod pa sa tuta ng mga Duterte ito,0,0,0,0,27,0,2025-02-14 02:31:16+00:00,tl,True,946551743366906,387006647385904,663610256248493,False,1
49627035437708,@387006647385904 yong mga artistang laos na wag nyong gagatasan ang pulitika...aminin mn ninyot s hindi ano alam nyo sa pag gawa ng batas wag puro yes sir lng...wag nyong gamitin ang taong bayan s pansarili ninyo intention...no to Philip Salvador ibagsak at wag iboto!!!,0,0,0,0,34,0,2025-02-14 16:04:58+00:00,tl,True,946551743366906,387006647385904,364337926666533,False,1
255329675385195,"@409028437110193 A kahit ako lang bumoto sa knila, basta hinding hindi ako boboto sa tae sa kabila",0,1,5,0,820,0,2025-02-11 12:21:27+00:00,tl,True,242556127442451,409028437110193,951092996762775,False,1
623281334224027,"@409028437110193 Kahit magsama sama pa lahat sa B, wala sa kalingkingan ng kayang maitulong nina Bam, Kiko, at Heidi! Bumoto naman tayo ng tama!",0,0,0,0,148,0,2025-02-11 17:55:57+00:00,tl,True,242556127442451,409028437110193,564560174463863,False,0
422404353156800,"@953579351695872 Kanin ang lechon.. Sarap yan.. 😂
Pero ang iboto ay partido ni Duterte.",0,0,3,0,92,0,2025-02-23 04:24:51+00:00,tl,True,987515595569564,953579351695872,557459178888416,False,2
503666804637581,@953579351695872 Kumbaga eh farfetched o paasa lamang kanyang ginawa. Sabay sundutan niya na iboto ang mga kandidato niya para magkaroon ng katuparan.,0,0,4,0,154,0,2025-02-23 02:56:42+00:00,tl,True,987515595569564,953579351695872,138571055718112,False,1
547166528941907,"@301255784819124 May sense naman ung sinabi nya nung naexplain sa kanya kung ano ung comelec,whats alarming is,di nya alam ang comelec at di pa sya nakakaboto,may mali talaga sa education system natin at maraming mali pag iisip sa mga kabataan ngayon",0,0,1,0,221,0,2025-02-28 23:03:26+00:00,tl,True,300559447667090,301255784819124,84841873997331,False,2
148248901583350,@246556504769401 @301255784819124 Kaya siguro di makapagbigay ng mensahe sa COMELEC kasi either kasamaan or kadiliman siya.,0,3,257,0,20350,1,2025-02-28 20:22:08+00:00,tl,True,300559447667090,246556504769401,178431211858623,False,1
363900305816102,@178431211858623 @301255784819124 Kailan pa naging politics ang COMELEC teh? Ang bawal sa inyo is controversial topics not common sense!,0,0,1,0,851,0,2025-03-01 12:19:09+00:00,tl,True,300559447667090,178431211858623,933571654114645,False,1
232310319816437,"@502018303346352 @301255784819124 jusko naman day, bente anyos na sya...muka namang nakapagaral sya....nakapagpost pa sya about sa politika..abay nakakaloka naman talga na sa edad nyang yan at sa estado nya sa buhay, ni hindi nya alam ang COMELEC, lalo lately na magbobotohan na...what's her excuse?!",0,0,0,0,10,0,2025-03-02 12:51:03+00:00,tl,True,300559447667090,502018303346352,771181539751836,False,1
617471075307365,@301255784819124 Ako na 15yo pa lang alam na ang Comelec since ito rin yung time na nagparehistro ako for SK elections noon.,0,0,0,0,191,0,2025-03-01 14:25:39+00:00,tl,True,300559447667090,301255784819124,796462532612792,False,2
71778047343913,@301255784819124 Hindi alam ang COMELEC pero naniniwala at nagkakalat ng fake news! DISGUSTING HEART AQUINO! https://t.co/wz52Hme19L,0,0,0,0,17,0,2025-03-01 15:31:35+00:00,tl,True,300559447667090,301255784819124,606970496716957,False,1
266409672473463,@556776310795431 Huwag iboto ang mga ito. Hindi gagawa ng mabuti sa bayan. Sila ay mga tetano.,0,0,0,0,20,0,2025-02-09 11:48:20+00:00,tl,True,201001028059726,556776310795431,507161547336035,False,1
460487698391657,@556776310795431 Tama. Vote wisely talaga. Wag iboto ang mga kandidato ng China.,0,0,0,0,21,0,2025-02-09 06:17:15+00:00,tl,True,201001028059726,556776310795431,761349904034179,False,1
608280806370733,"@556776310795431 Pag ‘vote wisely’ ang  gagawin ng botante, walang lalabas kahit isa sa inyo.",0,0,0,0,92,0,2025-02-09 09:39:47+00:00,tl,True,201001028059726,556776310795431,935237994759618,False,1
827268038328849,"@556776310795431 Hoy Mr. Senate President, kumilos ka naman at akyunan ang impeachment na representative ng taong bayan, at sana sa susunod na eleksyon wag ka nang iboto na senador",1,0,2,0,36,0,2025-02-20 00:38:29+00:00,tl,True,701413411113568,556776310795431,442334024019026,False,1
848455864669691,"@497906330350385 @556776310795431 Kaya nga feeling artista ito , ginawa lang trabaho ang pagiging politiko dahil sa entitlement ng pamilya nila at very convenient dahil malalim na ang ugat ng dynasty nila. Plus ang mga botante sa Pilipinas ay Bobo ang majority kaya na maintain ang status quo ng pamilya nila.",0,0,0,0,51,0,2025-02-20 08:03:16+00:00,tl,True,701413411113568,497906330350385,944206294342806,False,1
171542998913032,"Arao: Ang hamon natin sa Comelec, dapat talaga bantayan yung mga hotspot.",0,1,0,0,15,0,2025-02-23 22:45:37+00:00,tl,True,182587568656623,140685561012670,140685561012670,True,2
189792270223419,"Arao: Dapat isaisip kadalasan sa malalayong lugar, kung sino yung nananalo kadalasan hindi naman talaga siya yung gusto ng tao napipilitan lang sila na iboto sila.",0,1,0,0,3,0,2025-02-23 22:45:17+00:00,tl,True,182587568656623,140685561012670,140685561012670,True,2
865622737096599,@315906893140685 Hoy!Liza Maza na animal ka!…babaeng wala ka sa tamang katinuan!..GAGA!..ULOL!.anung nanalo ang taombayan sa impeachment??..ikaw ang panalo sa bayad sayu na panginoon mung tambaloslos 150M 31m bumoto! My Sara! Kung nabawasan man kahit. 20m natira!..TANGA ka!,0,0,1,0,41,0,2025-02-07 07:44:21+00:00,tl,True,23516671542724,315906893140685,688887758231327,False,1
449617798412942,"@315906893140685 Ano ba nagawa mo the last 20 years na KAPAKI-PAKINABANG SA 100M na Pilipino para iboto kang Senador?

Hintayin namin ang narrative mo. https://t.co/X9S7gcwgId",3,0,11,0,142,0,2025-02-06 04:20:49+00:00,tl,True,23516671542724,315906893140685,439483351890134,False,1
785475089242150,@233535174890581 Itong mga ito ang dapat iboto! Mga tuta ni Duterte! Dapat dyan sa kanya mag trabaho at sya ang magpasahod! Sayang ang bayad ng taong bayan sa mga yan! Wala silang karapatang mag lingkod sa bayan Kong ang loyalty nila ay na Kay Duterte at sa China! https://t.co/3XYqGRf1xd,0,0,1,0,10,0,2025-02-11 14:10:29+00:00,tl,True,287117467093370,233535174890581,324654480715952,False,1
292575420756990,"@256706530852814 @443321552045082 @233535174890581 Suggestion yun... @256706530852814. Para hindi halatabg Bobo kayo... Dito ka nagsisisigaw na wag iboto, eh ang constituents nila wala dito....
Simpleng Logic lang",0,1,0,0,10,0,2025-02-13 02:01:42+00:00,tl,True,287117467093370,256706530852814,245705656757626,False,1
996218889122927,@233535174890581 Ay huwag mong diktahan ang mga botante nila .,0,0,3,0,42,0,2025-02-11 23:02:29+00:00,tl,True,287117467093370,233535174890581,196299690125205,False,1
588845138096609,@995120649715525 Nice galing ng Alma Mater ko. Hope tulungan Nyo ung ibang tao na iboto ung mga karapat dapat at ang loyalty is sa Pilipinas.,0,1,0,0,1006,0,2025-02-13 12:21:17+00:00,tl,True,237440128815504,995120649715525,708929100022728,False,0
31065279467846,@967123514319934 @995120649715525 noted po. sige lng iboto mo lng sa tingin mo ang tama.nirespeto po kita. nkakatawa lng hng kramihan sa mga anti duterte ay ang lakas magmura.,0,3,0,0,349,0,2025-02-13 10:34:50+00:00,tl,True,237440128815504,967123514319934,379067880662241,False,1
851252587754144,@581996106634994 @492771802193429 Lol.....kaya pala trigerred.....eh di pagpatuloy niyo confidence niyo. Kayo lang naman bumoto sa UNITAE niyo......,0,0,0,0,4,0,2025-02-07 12:56:15+00:00,tl,True,154606734803290,581996106634994,946449413766615,False,1
889769996171417,@769571127816650 @492771802193429 Hindi mo sure .🫣🤭 Halos mga pomerma jan na taga Mindanao are receiving backlash galing mga botante kaya halos magkanda ugaga na sila mag explain kasi sobrang trending na sila sa never again.😂 Yung iba sobrang shallow na ng explanation makalusot lang .😅🤦,0,0,1,0,43,0,2025-02-07 12:01:56+00:00,tl,True,154606734803290,769571127816650,559164686589053,False,1
712126559509567,@492771802193429 Hoy bobo hindi yan botante!! Mga tongresman yan.. nasuhulan pala ni Tamby 🤣😂,0,0,0,0,10,0,2025-02-06 18:45:09+00:00,tl,True,154606734803290,492771802193429,429238786921779,False,1
812184744518295,@159022281534776 Hindi po ako bayaran at di ako troll kung Nasasaktan ka sa PINIPILl ko IBOTO o KANDIDATO WALA PO AKONG PAKI SAYO AT SA BUHAY MO AYOKO LANG PO NG KORAP SA GOBYERNO AT ADIK NA PANGULO DAHIL GALIT PO AKO AT PAMILYA NAMIN SA DROGA kung PRO DROGA! PRO KORAP KA PROBLEMA MO YUN UY!!😆👹,0,1,0,0,78,0,2025-02-14 04:35:37+00:00,tl,True,238730980524446,159022281534776,527002625961261,False,1
840040745175387,@245705656757626 Ayy lahat po ng POLITIKONG NAKA UPO TUMATAKBO SA HALALAN O KAHIT SINO TAO SA GOBYERNO KAILANGAN PO NG TRANSPARENCY AT ACCOUNTABILITY KC HALAL BINOTO SILA NG TAO ANO PO BA SILBI NILA BKIT NATIN SILA NILALAGAY SA POSISYON NA YAN?  DIBA PARA MAG LINGKOD SA TAO ?  FOR GOVERNANCE?,0,0,0,0,12,0,2025-02-14 03:01:58+00:00,tl,True,238730980524446,245705656757626,527002625961261,False,1
501907085941700,"@387006647385904 Marcoleta..................Mag punta sa West Philippines Sea ng maunawaan nya ang halaga nito sa ating mga Pilipino. Iwasan nyong iboto ito si marcoleta for the sake of our beloved country. Kailangan nating ng makabansang Pilipino,  hindi yung mga maka Tsina.",0,0,6,0,178,0,2025-02-16 12:42:50+00:00,tl,True,208024011022701,387006647385904,113042699828174,False,1
778370616413777,"@387006647385904 Pag di pumasok si mam heidi, hindi talaga nagaaral ang mga botante sa kanilang iboboto. Ano panama ni bunggo na no 2 na raw sa survey kapag iniharap ke heidi? Baka mangatog ang pambansang alalay sa takot na madiskubre mga kapalpakan.",0,0,3,0,50,0,2025-02-17 03:18:55+00:00,tl,True,208024011022701,387006647385904,679796054312390,False,1
146070997691362,@298710194971273 Vote wisely... Wag iboto sa Marcoleta..Dahil sa kanya libong employees ng Abs Cbn nawalan ng trabaho.😡,0,0,0,0,4,0,2025-02-22 11:08:18+00:00,tl,True,371033800165037,298710194971273,27143990789864,False,1
328125665642516,@298710194971273 Iboto ninyo mga PRO CHINA 🤣🤣🤣para maging china province na tayo,0,0,0,0,5,0,2025-02-22 06:03:21+00:00,tl,True,371033800165037,298710194971273,985569978073414,False,1
376670516771671,"@79008473933029 Ano ka ba lahat yan papasok, nasa Comelec na lahat yan. Isama mo pa si Lacson at Sotto. 
Ang siste dyan kung lahat ng enabler ni Sara pasok what happen to impeachment kung magbobotohan.",0,2,14,0,5471,0,2025-02-12 04:54:42+00:00,tl,True,117916206527526,79008473933029,7595767113704,False,1
139715764570881,"@925279596835042 @79008473933029 Talo na si quibs, nasa ilalim sa survey eh..madami pa dn na katoliko na mga botante..",0,0,1,0,222,0,2025-02-12 15:50:37+00:00,tl,True,117916206527526,925279596835042,569479395681852,False,1
763812343707107,@260504858714783 Daming gastos nyan sa poster palang malamang babawi yan pag nanalo kaya wag iboto mga mayman na mukhang pera,0,0,0,0,1,0,2025-02-07 06:20:45+00:00,tl,True,678682502801059,260504858714783,169268724363709,False,1
79141956842388,@260504858714783 Hwag na siyang iboto,0,0,0,0,192,0,2025-02-06 03:28:56+00:00,tl,True,678682502801059,260504858714783,738477535139072,False,1
839426928661568,@460436796410133 Matalino nman mga botante dto s pinas!!! Pinagnanakawan n ng pulitiko iboboto p rin nila!!! Eme 😂😂😂,0,0,0,0,52,0,2025-02-08 15:14:13+00:00,tl,True,719511584396024,460436796410133,295277533198405,False,1
168794788903674,@460436796410133 Tama naman po yung payo nung palamura ng Davao na bumoto ng mas mahusay ang ating mga kababayan sa darating na eleksyon at dun sa nakaraang dalawang eleksyon e NABUDOL ang bayan.,0,0,1,0,40,0,2025-02-08 05:26:23+00:00,tl,True,719511584396024,460436796410133,288024834301623,False,1
527021446096984,@591355284099008 kami nga ang bumoto pero kayo at ng mga kampon niyo ang nagtolerate. you can deny alm you want pero yan ang totoo lol,0,4,1,0,339,0,2025-02-07 10:30:19+00:00,tl,True,106289306158656,591355284099008,223614103745999,False,1
617141127186649,@591355284099008 binoto nga ba sya o ng sdcard/comelec?,0,0,1,0,356,0,2025-02-08 06:20:44+00:00,tl,True,106289306158656,591355284099008,532316196561307,False,1
333312330944683,"📣 𝐒𝐡𝐨𝐮𝐭 𝐨𝐮𝐭 𝐬𝐚 𝐦𝐠𝐚 𝐛𝐨𝐭𝐚𝐧𝐭𝐞 𝐫𝐢𝐲𝐚𝐧! 🗣️

Handa na ba kayong bumoto ng mga kandidato na totoong maglilingkod sa ating bayan o mapatatanong ka na lamang kung maglilingkod ba ‘yan❓❓

#Halalan2025 #EDSA39 https://t.co/OpBADpzzQi",13,1,21,0,1232,0,2025-02-25 04:08:44+00:00,tl,False,333312330944683,,925144854662393,False,0
806252291309396,"👍🏻 Ang tunay na kapangyarihan ay nasa kamay 🤲🏻 nating mga Pilipino ✊🏻. Bumoto para sa mga nagugutom na magsasaka 🚜👨🏻‍🌾, naaaping katutubo 🏞️🛶, at pinagkakaitang mahihirap 🤝🏻🪜.",0,1,2,0,79,0,2025-02-25 04:08:46+00:00,tl,True,333312330944683,925144854662393,925144854662393,False,0
812449755645490,"@325680252986141 Lito lapid at willie, seriously? WTF isama mo pa si bato at pacquiao. Langya kaya nakakawalang gana bumoto wala nang nagbabago sa Pinas",0,0,0,0,9,0,2025-02-26 14:40:53+00:00,tl,True,924266449942524,325680252986141,479046129219696,False,1
663413884911798,"@286697054093468 @325680252986141 Uy hindi mali pagkakaintindi mo, 
yang sa senatorial survey yung mga nasa list
mga walang silbi. Then yung 8080 sinasabi ko yung mga Pilipinong botante, mandadamay pa sila ng kapwa nila Pilipino na magdusa dahil sa kapalpakan nila bumoto ng kandidato at tama ka hopeless natalaga.",0,0,2,0,22,0,2025-02-26 18:48:04+00:00,tl,True,924266449942524,286697054093468,506738416862413,False,1
679694656519578,@224029723388388 Sabi nung bumoto kay BBM na hanggang Pluto yung pagsisisi.,0,0,1,0,36,0,2025-02-22 10:24:26+00:00,tl,True,196574670225133,224029723388388,88960823078814,False,1
589909488037902,"@9341812116954 @88960823078814 Kung si Leni ang pinili ng mga Pilipino, e di marami siyang botante.
Bakit kulelat yung mga kapartido niya sa eleksyon.
Nung 2022, si Risa Hontiveros lang ang nanalong Senador.
Ngayong 2025 mukhang matatalo pa lahat ng kandidato niya sa Senado.",0,0,0,0,48,0,2025-02-22 05:01:09+00:00,tl,True,196574670225133,9341812116954,72033039223295,False,1
532269136680515,@45055541060277 @697216793328325 Oo iboto mo ang magnanakaw Yung pwedeng ma impeach,0,0,0,0,14,0,2025-02-16 07:18:09+00:00,tl,True,277808453497672,45055541060277,516064620672595,False,1
159571721334668,@697216793328325 Masama ba ipaglaban kung nasa tama ka? Mga troll na buraot purkit pumapasok si kiko sa top 12 eh sinisiraan nyo.? Walang makakpigil sa kakampinks na iboto siya. Nanyo.,0,0,0,0,11,0,2025-02-16 09:25:52+00:00,tl,True,277808453497672,697216793328325,871606329276654,False,0
648447136599621,"@552630089176844 Bakit kaya nanalo ito, nakakahiya mabuti di ako bumoto dito. Nakita nyo na binuto nyo sayang ang sweldo sa kanya.",0,0,0,0,2,0,2025-02-02 13:22:15+00:00,tl,True,73786233052151,552630089176844,673566272025170,False,1
16077951679754,"@552630089176844 Ang tanga ng mga bumoto dyan, nakakainis! Sapat na yung loyalty ni Quibuloy kay Duterte? So pwede syang manggahasa all week at okay lang yun?",0,0,0,0,7,0,2025-02-02 06:15:18+00:00,tl,True,73786233052151,552630089176844,16196093973570,False,1
737291132183998,"𝐀𝐭𝐭𝐲. 𝐋𝐚𝐮𝐝𝐢𝐚𝐧𝐠𝐜𝐨, COMELEC: March 28 ay papasok na ang kampanya ng local position, yung mga pinapahintulutan nating campaign paraphernalia's ay parehas din (sa national election) dahil walang pagbabago sa batas",0,1,0,0,88,0,2025-03-23 07:46:15+00:00,tl,True,420728809022999,430526661831933,430526661831933,False,2
350446495155939,"𝐀𝐭𝐭𝐲. 𝐋𝐚𝐮𝐝𝐢𝐚𝐧𝐠𝐜𝐨, COMELEC: Tapos na ang pag-imprenta ng mga balota at bini-verify na lang namin ito, isa isang idinadaan sa makina kada balota para masigurong babasahin, at pagkatapos ay iniimpake na  namin at ready na ipadala 2 weeks bago ang eleksyon",0,1,0,0,318,0,2025-03-23 08:01:58+00:00,tl,True,420728809022999,430526661831933,430526661831933,False,2
742499107409803,"𝐀𝐭𝐭𝐲. 𝐋𝐚𝐮𝐝𝐢𝐚𝐧𝐠𝐜𝐨, COMELEC: Pinapayagan na rin natin ang paggamit ng digital signages sa mga sasakyan, pinapayagan na ring magdikit sa ating pampublikong sasakyan pero sumunod sa naitakdang sukat at panuntunan ng LTFRB at LTO",0,1,0,0,70,0,2025-03-23 07:50:11+00:00,tl,True,420728809022999,430526661831933,430526661831933,False,2
752366389200136,"𝐀𝐭𝐭𝐲. 𝐋𝐚𝐮𝐝𝐢𝐚𝐧𝐠𝐜𝐨, COMELEC: May apat na araw na bawal na bawal mangampanya, April 17-18, May 11 -12, pag kayo ay nangampanya ay sasampahan kayo ng COMELEC ng kasong paglabag sa Fair Election Act, kasong kriminal at maaari pang magdulot ng inyong pagka disqualify",0,0,0,0,256,0,2025-03-23 08:07:04+00:00,tl,True,420728809022999,430526661831933,430526661831933,False,2
113134505637286,@910530064236473 Wala xa alam sa comelec pero nakaboto n xa sa SK election,0,0,0,0,1291,0,2025-03-05 00:41:11+00:00,tl,True,536385647572881,910530064236473,616456530017409,False,1
626539925235371,@910530064236473 WHAT?!!! Ano ba nasa isip ng COMELEC?,0,0,0,0,1268,0,2025-03-04 23:34:05+00:00,tl,True,536385647572881,910530064236473,616268318715404,False,1
326852816658240,@910530064236473 So naka registered ka sa  Comelec. King Ina. LoL 😂,0,0,3,0,4401,0,2025-03-04 16:24:09+00:00,tl,True,536385647572881,910530064236473,390218441160322,False,1
242119277617700,@961567327667069 @910530064236473 @862265980845327 anong tungkol sa politics e comelec lang ang tinanong? 🤣🤣 d nman sya tinanong kung sino binoto nya at kung dds ba sya 🤣🤣,0,0,0,0,31,0,2025-03-05 10:26:59+00:00,tl,True,536385647572881,961567327667069,602057431449805,False,1
790935912263057,@910530064236473 Wait... Hindi ba talaga niya alam Ang comelec at Wala silang tv or pang clout at gusto lang niya magpasikat?,0,0,1,0,150,0,2025-03-05 02:21:27+00:00,tl,True,536385647572881,910530064236473,341328694451749,False,1
856632405356038,Just learned from someone na nakatimbre na daw yan. For some reason nalalaman ng mga “team leaders” kung sino ang hindi bumoto para sa pulitiko. They are very organized. Im guessing hindi siya simple at may halong consequence for the voters kaya hindi yan nabubuwag.,26,7,125,1,13494,10,2025-03-05 03:48:35+00:00,tl,False,856632405356038,,989004390811123,False,2
931553737314115,"@989004390811123 Cguro nga may systema na. But for once baka puede naman sa senatorial race TRY nila bumoto ng tama ? 
Gawa din sila ng paraan na lumaban. 
Luma laban nga mga kakampinks d naman para sa personal nila.  LUMA LABAN PARA SA BAYAN.  … #labanparasabayan",0,0,0,0,4,0,2025-03-06 15:35:21+00:00,tl,True,856632405356038,989004390811123,963119019299306,False,1
732434368043551,"@403780272519270 @745045944886155 Mega tour talaga walking while picture picture, di man lang huminto para basahin at usisain mga nasa walls,nagmukhang VIP guest? Comelec talaga ba?",0,0,0,0,55,0,2025-03-04 11:07:48+00:00,tl,True,638412367843606,403780272519270,753585013592146,False,1
676570155003325,"@403780272519270 @745045944886155 i mean sige, ineducate niyo si gaga sa comelec, pero bat siya lang? andami ho na hindi alam kung ano ba talaga ang kayang gawin ng politika sa bansa natin. iniisip lang nila na di sila maapektuhan or komedya ito kaya pabaya ang pagboto nila.",0,0,0,0,10,0,2025-03-06 15:29:04+00:00,tl,True,638412367843606,403780272519270,21385260164986,False,1
511424120803299,@403780272519270 @745045944886155 Dapat aware din ang mga tao na bulok ang COMELEC at walang credibility  ahensyang ito ng gobyerno,0,0,0,0,4,0,2025-03-05 16:36:18+00:00,tl,True,638412367843606,403780272519270,571845419145062,False,1
873808249968910,@403780272519270 @745045944886155 MABUHAY ang mga BOBOTANTE🤣🤣 Pumila na kayo para sa Comelec Tour🤑🤑,0,0,0,0,9,0,2025-03-04 23:12:36+00:00,tl,True,638412367843606,403780272519270,654465745867377,False,1
959893274436102,"@403780272519270 @745045944886155 Tinuturo pa ba to sa mga schools ngayon? Kung oo, okay. Pero kung hindi, okay pa rin. Kung wala ka namang paki sa pulitika or wala ka ring pakialam sa karapatan mo sa pagboto, hindi naman malaki ang impact sa buhay mo ng Comelec. Mabubusit ka lang tulad sa ibang govt agencies.",0,0,0,0,5,0,2025-03-04 15:19:14+00:00,tl,True,638412367843606,403780272519270,188186489747482,False,1
879812937592245,"@403780272519270 @745045944886155 Nkakahiya gi-tour ka Kase pra mgkaron ka ng knowledge about sa Comelec, kase nakaka-bother naman tlga...",0,0,0,0,906,0,2025-03-04 08:46:58+00:00,tl,True,638412367843606,403780272519270,821371698708728,False,1
696744019388147,@403780272519270 @745045944886155 Luhh biglang naging celebrity c ate sexy babe..kuhang kuha nya ang atensyon ng Comelec ahh,0,0,1,0,29,0,2025-03-04 10:04:35+00:00,tl,True,638412367843606,403780272519270,189691388847488,False,1
997062022671624,@403780272519270 @745045944886155 Okay na yung tinour siya sa Comelec at diniscuss sa kanya kung ano yung work ng Agency. Pero yung gawing ambassador ay sobra na. Parang dapat pala Wala kang alam sa sangay ng Gobyerno para maging Qualified ka to be an ambassador.,0,0,0,0,3,0,2025-03-05 02:35:29+00:00,tl,True,638412367843606,403780272519270,483087762858372,False,1
175425537662388,@403780272519270 @745045944886155 Past voting age na iyan pero hindi pa bumubuto ano kaya balak ng COMELEC sa kagagahan niya. Imposible naman ang pahayag niya eh may mga barkada at kaklase bukod pa sa barangay nila ang pwede magturo sa kanya ano ang COMELEC at paano magparehistro. Tanga-tangahan lang yan.,0,0,0,0,26,0,2025-03-04 08:49:24+00:00,tl,True,638412367843606,403780272519270,840684026601269,False,1
197725038661733,@403780272519270 @745045944886155 Kinondena lang bakit may patayan ba na naganap?? diba dapat disqualification agad para madala yung mga kumakandidato na lumalabag? watchu say @690883004797923,0,0,0,0,3,0,2025-03-20 13:59:30+00:00,tl,True,442784944173550,403780272519270,444511930139885,False,1
193843472993406,@403780272519270 @745045944886155 yung ale sa batangas na namumudmod ng pera na may kasamang mano po...ano na comelec?🤭,0,0,1,0,9,0,2025-03-21 01:49:25+00:00,tl,True,442784944173550,403780272519270,511765659865107,False,1
803948818195665,"@403780272519270 @745045944886155 inutil ka Comelec Chair, nag aantay ka yata ng bayad sa mga local officials",0,0,1,0,66,0,2025-03-20 20:37:17+00:00,tl,True,442784944173550,403780272519270,452450676336845,False,1
442784944173550,Kinondena ng Comelec ang local candidate sa Negros Island Region na namamahagi ng pera sa mga tagasuporta nito. #Halalan2025 | via @745045944886155 https://t.co/vdRjHALY3a,6,30,12,2,8455,2,2025-03-20 04:03:50+00:00,tl,False,442784944173550,,403780272519270,True,2
396123510102217,@403780272519270 @745045944886155 Inconsistent as always. Dati ok lang daw kahit acc sa batas bawal. Tapos ngayon di daw tama… ano ba talaga? Pwede n ba talaga vote buying o hindi? Kc kahit saan Tignan ang pagpayag ng comelec n mamigay ng ayuda mga candidates ay vote buying no matter what for or style they use,0,0,0,0,9,0,2025-03-20 13:16:31+00:00,tl,True,442784944173550,403780272519270,231502111025594,False,1
83206726327292,@707866047743325 @70415762186059 Umandar na naman pagka researcher mo bhie. Hahahaha di alam ang COMELEC pero may alam sa never again kimi imi.,0,0,0,0,27,0,2025-03-02 06:12:49+00:00,tl,True,642265967391076,707866047743325,369817800489151,False,1
139784306084440,@70415762186059 Hindi din Naman Ako Botante pero Alam ko kung Anu Ang Comelec at kung sinong Dapat Iboto.Baka Sadyang May Sarili lang Siyang Mundo.,0,0,0,0,61,0,2025-03-02 04:52:57+00:00,tl,True,642265967391076,70415762186059,207906657255164,False,2
581284570489765,"@70415762186059 the thing is HINDI siya botante. hindi rehistrado. meaning BOBO lang talaga siya. 
hindi rin unaware about politics kasi nakakashare nga ng fake news sa fb as a proud dds/apologist haha",0,0,0,0,109,0,2025-03-01 10:53:02+00:00,tl,True,642265967391076,70415762186059,394365806059002,False,1
369284252030542,@606979688855034 @325002683734926 Palusot. Magaling talaga ang PR team ng Comelec,0,0,0,0,121,0,2025-03-04 11:55:57+00:00,tl,True,576077055867329,606979688855034,318070633850715,False,1
326319090294482,@325002683734926 Magaling talaga ang PR team ng Comelec,0,0,1,0,93,0,2025-03-04 11:56:57+00:00,tl,True,576077055867329,325002683734926,318070633850715,False,0
977049804600384,@325002683734926 Jusko! Now ggwin pang Ambassador? Anyare sa inyo COMELEC? Baka ang ipromote p niyan mga kandidato ng Duterte at Marcos 🤦🏻‍♀️,3,0,24,0,708,0,2025-03-04 16:14:56+00:00,tl,True,576077055867329,325002683734926,246556504769401,False,1
103926474855045,"@325002683734926 eh tinanong ka pa nga nila Vice, kahit si Kim tinanong ka pa kung bumoto ka ba, ano yun nakalimutan mo? i mean mahaba haba naman yung naging moment mo, hindi mo naalala?",5,2,424,0,24094,2,2025-03-04 10:30:07+00:00,tl,True,576077055867329,325002683734926,68464242552817,True,1
798520214432039,"@325002683734926 Dahil bobo ka Ikaw ang Klase na botante na boboto kay Philip Salvador, Bong Revilla,Lito lapid.Quiboloy.",0,0,0,0,21,0,2025-03-05 05:38:20+00:00,tl,True,576077055867329,325002683734926,385679888675182,False,1
428562296499057,"@325002683734926 Mental block? Dami ng time na binigay Sayo, inexplain pa ano meaning ng Comelec, wag na sana magdahilan tawa tawa ka pa nga.  Sana nga may natutunan ka sa pa tour mo Dyan sa Comelec, iba talaga Ang walang alam, naiimbitahan!",0,0,2,0,81,0,2025-03-04 10:33:33+00:00,tl,True,576077055867329,325002683734926,753585013592146,False,1
731484593825576,@779170315947073 @877661579993987 Bukas na naman tayo sa dayaan katulad ng 2022 elections nung dinaya si Leni ng @690883004797923 para kay @861738054403097 at @903212950721314!!! @230767865269302 @885932131248309 @139053114130249 @658014619910474 @574119407300344 @331052236186364 @460436796410133 @394926530180398,4,1,11,0,401,0,2025-03-03 23:51:33+00:00,tl,True,290029316548898,779170315947073,389582196322932,False,1
3359514946424,"@389582196322932 @779170315947073 @877661579993987 @690883004797923 @861738054403097 @903212950721314 @230767865269302 @885932131248309 @139053114130249 @658014619910474 @574119407300344 @331052236186364 @460436796410133 @394926530180398 Kung diñaya si Leni ni BBM sa eleksyon nung 2022, ang ibig sabihin mas marami siyang botante kumpara kay BBM.
Bakit isa lang ang nanalong Senatoriable niya at ito ay si Risa Honti na pang 11 pa?",0,1,2,0,25,0,2025-03-04 06:16:54+00:00,tl,True,290029316548898,389582196322932,72033039223295,False,1
723267059151900,@401486171468216 Wag iboto ang mga kupal,0,0,0,0,44,0,2025-03-16 21:45:42+00:00,tl,True,871084520254241,401486171468216,852145534337333,False,1
780860909721998,@401486171468216 Ang Comelec at Garcia sila ang magmimilagro,0,0,1,0,8,0,2025-03-16 09:31:16+00:00,tl,True,871084520254241,401486171468216,300732651258049,False,2
559757368289986,"@676412178050337 ayos po yan ,, sana nga walang makalusot na mandaya sa araw ng botohan..",0,0,0,0,3,0,2025-03-12 12:58:49+00:00,tl,True,732397950082663,676412178050337,777806020650987,False,1
941807183812478,@676412178050337 Hangad namin ang maayos na pagboto ng ating mga OFW. Napakagandang nabibigyan na rin sila ng ganitong oportunidad para hindi na kailangan umuwi kapag botohan.,0,0,0,0,26,0,2025-03-10 10:14:47+00:00,tl,True,732397950082663,676412178050337,684561204201719,False,0
913797799658602,"@289929405221207 Quickly  o!   Pero kung isang di kilala ba ang may  kaso, madidismiss kaya? ‘Yung isa dyan na nameke ng documents, insufficient daw in form pero malinaw na bagsak sa substance. Nag-commit ng fraud pero ok lang sa COMELEC to run for public office?🙃",1,0,5,0,400,0,2025-03-04 04:19:11+00:00,tl,True,749485057833275,289929405221207,686197528160136,False,1
446931993709329,"@289929405221207 Basura kayo, COMELEC",0,0,0,0,87,0,2025-03-04 07:49:39+00:00,tl,True,749485057833275,289929405221207,526440542334384,False,1
570432206624090,@508944284215078 mga tv station na government supported parang may call for boycott. Basta lahat ng may kinalaman sa government kasi parang dictator na labas ng president ayaw bumaba sa power at takot daw sa fair na botohan,0,0,0,0,11,0,2025-03-25 16:58:05+00:00,tl,True,880165457657638,508944284215078,850214568243249,False,1
391751955007681,@508944284215078 sabi ginigipit sya. Yung current president nasa power for 20 years na daw yata tho hindi na sya pwede tumakbo ulit next halalan parang gusto nya ma secure yung pwesto.,0,1,1,0,15,0,2025-03-25 16:15:26+00:00,tl,True,880165457657638,850214568243249,850214568243249,False,1
819984553406209,@138571055718112 @768255342640396 Because kagagawan yan ni Marcos para walang halalan na magaganap at di sila mapalitan once nang mag kagulo ang Pinas hindi matutuloy ang botohan ..ganun sila mag laro ..gusto nila sila lang umupo ..,0,0,0,0,37,0,2025-03-17 01:58:56+00:00,tl,True,292200875374203,138571055718112,521225899855992,False,1
584575063997860,"@256706530852814 @138571055718112 @768255342640396 yes we are matatalino that's why we are not in deep shit right now di kami nauto na iboto si BBM di gaya nyo ei🤣but fake news like this, dapat nirere-butt. Daling mauto ng mga kakulto mo e.

Taena, naniwala nga silang irerepresent si Digong ni Mike Ross😁",0,0,0,0,11,0,2025-03-17 01:57:35+00:00,tl,True,292200875374203,256706530852814,227559775719474,False,1
428452899770556,"@460436796410133 eh wala na talagang pag asa sa comolecta, nasa botante na lang ang natitirang pag asa, sana maipasa na ang natutulog na anti dynasty bill sa congreso, baka mamatay na yang bill na yan pag nahalal itong mga dynastic families na kumakandidato at kasalukuyang nakaupo.😠👎",0,0,0,0,40,0,2025-03-04 10:49:36+00:00,tl,True,36055095349689,460436796410133,716541174050554,False,1
687473924191319,@460436796410133 Boooooo!!! Kumolek na nmn ang Comelec. Garcia - resign !!!!,0,0,0,0,302,0,2025-03-04 10:07:01+00:00,tl,True,36055095349689,460436796410133,991157386747140,False,1
184077328228295,@403780272519270 Tanginang yan.. wala nga alam sa comelec gusto pa maging ambassador? The height of kabobohan...,0,0,0,0,29,0,2025-03-05 03:24:56+00:00,tl,True,575892902794292,403780272519270,270397258245373,False,1
699611163964578,"@403780272519270 Hindi nga nya alam na nag-eexist ang Comelec tapos gagawin pang Ambassadress.

Sino ba ang may problema? Si girl o ang Comelec?",0,0,0,0,8,0,2025-03-05 05:54:49+00:00,tl,True,575892902794292,403780272519270,978288092657410,False,1
241730817010240,"@403780272519270 itong comelec, gusto ipakalat ang kamangmangan! umpisahan nyo sa mga aaprubahan nyo na mag f file ng candidacy, hindi nyo nai a address ng tama ung issue eh, gusto nyo, manatiling shunga nakakaraming pilipino, para madali nyo mabola, ang init init, mas nakakainit kayo ng ulo",0,0,0,0,19,0,2025-03-05 05:16:39+00:00,tl,True,575892902794292,403780272519270,183810101133987,False,1
180406266088272,@403780272519270 Ambassador? Pero nde alam ano ang COMELEC? pilipinas tanga tanga nyu talaga sa ganitong bagay if mangyayari to. Kasura kayu. Pinapasikat nyu pa ang katangahan nila. Gigil.,0,0,0,0,74,0,2025-03-05 02:32:39+00:00,tl,True,575892902794292,403780272519270,368837314758628,False,1
227013048088133,@403780272519270 Although ni hindi nga opinion on politics ang hiningi sa kanya sa contest kundi message sa Comelec na hindi naman (dapat) political party dahil isa ito'ng gov't agency (na dapat apolitical).,0,1,0,0,50,0,2025-03-05 02:28:14+00:00,tl,True,575892902794292,15509200644475,15509200644475,False,2
188888258136952,Mga palamunin ng bayan...Putangina ninyo sa mga bumoto at boboto dito sa dalawang ito...Nandamay pa kayo...😠😠 https://t.co/7O2kAN2gMK,42,16,96,8,3335,7,2025-03-02 08:59:39+00:00,tl,False,188888258136952,,689353467326579,False,1
709019221713883,@689353467326579 very happy yung mga palamunin ninyo na si @151263991338986 at @77069442944561 iba naman ang iboto ninyo,0,0,0,0,41,0,2025-03-02 17:30:23+00:00,tl,True,188888258136952,689353467326579,957320275668774,False,1
869278839497590,"@689353467326579 Tangina, parang nag-iinuman lang ang mga kolokoy 😂😂🖕🖕💩💩 Yung mga bumoto dito sa dalawang to ..... mga UNGAS😂🖕💩",0,0,0,0,46,0,2025-03-02 23:51:23+00:00,tl,True,188888258136952,689353467326579,215124163397252,False,1
420130977538168,"◍ Disqualification petition laban sa pamilya Tulfo, ibinasura ng COMELEC #RondaBrigada #BrigadaPH
📺 WATCH LIVE: https://t.co/R3PNjJuGKm",0,1,0,0,11,0,2025-03-04 08:09:09+00:00,tl,True,970283290755189,109044924689492,109044924689492,True,2
761070977287783,"◍ Contestant ng noontime show na nagsabing hindi ""knowledgeable"" sa Comelec, bumisita sa tanggapan ng komisyon para sa voter's education #RondaBrigada #BrigadaPH
📺 WATCH LIVE: https://t.co/R3PNjJuGKm",0,1,0,0,10,0,2025-03-04 08:09:11+00:00,tl,True,970283290755189,109044924689492,109044924689492,True,2
804768633681137,@509428916202013 Di kasi siya nanalo sa showtime sexy babe. Paraparaan lang para sumikat. Sinong maniniwalang di niya alam ang COMELEC? Alam nga niya ang vote buying eh.,0,0,1,0,22,0,2025-03-05 03:41:37+00:00,tl,True,884814353960175,509428916202013,680079726853956,False,1
35936697173533,"@509428916202013 Ang pinag usapan comelec, yung sagot ni gago DDS. IQ mo parang profile pic mo. Pang unggoy.",0,0,0,0,182,0,2025-03-04 14:26:05+00:00,tl,True,884814353960175,509428916202013,516881543553125,False,1
69158396868698,@403780272519270 Bakit kasi may elections pa eh andiyan na nga ang COMELEC.🤣🤣🤣 https://t.co/NKRNNbgKj0,0,0,1,0,34,0,2025-03-12 13:29:58+00:00,tl,True,73581762767750,403780272519270,369426410667872,False,1
609806619764059,@403780272519270 Weeeeh mukha palang ng comelec chairman mukha na eh🤣 mind conditioning din tong fiona nato takot na takot sa karma nya🤣,0,0,0,0,19,0,2025-03-13 09:53:53+00:00,tl,True,73581762767750,403780272519270,774160661930139,False,1
544683740249494,@394926530180398 Bakit kailangan bang magpaliwanag ng mga kandidatong sumuway sa directives ng comelec?,0,0,0,0,377,0,2025-03-03 05:59:34+00:00,tl,True,25281882142629,394926530180398,380674957783361,False,1
978106501384404,"@394926530180398 sa isyung eto , not to be judgmental with the contestant , 80% sa kakulangan niya sa kaalaman about comelec is herself MISMO ! malinaw na during her schooling Wala siyang focus sa studies nya .Malamang sa malamang ginamit nya socmed nya sa ibang purpose..not for self improvement",0,1,0,0,29,0,2025-03-03 12:41:57+00:00,tl,True,25281882142629,394926530180398,642558829489931,False,1
584345533111551,"iba talaga nagagawa ng pretty priviledge, paano kaya pag chaka ang hindi nakakaalam ng comelec?",0,1,1,0,20,0,2025-03-04 13:27:33+00:00,tl,False,584345533111551,,777508623237874,False,1
643549127873406,"if gusto niyong i-educate ang younger generation abt comelec, dapat hindi lang yung mga ignoranteng katulad niya, dapat may ways kayo to educate someone abt comelec",0,1,0,0,2,0,2025-03-04 13:31:08+00:00,tl,True,584345533111551,777508623237874,777508623237874,False,2
126197689328583,@975404515899393 TAMA!! Wag iboto ang mga suporter ng mga komunista at drug lord!! Ikulong sa The Hague ang mga supporters na yan! 😅🤣😂 https://t.co/nYMo7iheiq,0,0,4,0,65,0,2025-03-23 03:59:35+00:00,tl,True,793481622536099,975404515899393,828707115813862,False,1
936848146801576,@975404515899393 Maawa sa Pilipinas ! Huwag iboto ang mga corrupt !,0,0,1,0,156,0,2025-03-23 04:01:44+00:00,tl,True,793481622536099,975404515899393,541710900292234,False,1
696974057893569,@403780272519270 Bruh pag nag apply nga sa trabaho ang isang empleyado hinihingan ng NBI or police clearance to make sure na walang criminal records. Tapos kayong COMELEC pumapayag na tumakbo ang mga kriminal?,0,0,0,0,1,0,2025-03-30 13:08:35+00:00,tl,True,822152540840064,403780272519270,648398176058019,False,1
104212487412510,"@403780272519270 instead of saying that, bakit di nyo bigyan penalty. like disqualification. maraming botante ang bobo at walang pakialam sa sinasabi nyo. lalo na yung mga bayad. 🤭🤭🤭",0,0,1,0,70,0,2025-03-28 22:59:36+00:00,tl,True,822152540840064,403780272519270,867443918750646,False,1
948327272398915,@403780272519270 Wag nyo po mandohan mga botante kung yung mga kandidato hindi nyo nga mamandohan. Fair dba?,0,0,1,0,119,0,2025-03-28 17:02:15+00:00,tl,True,822152540840064,403780272519270,125610889293945,False,1
630165496431880,@687898319986939 @821918777005064 O tapos? Sino yung mga bobong bumoto sa uniteam?,0,0,0,0,6,0,2025-03-27 13:10:06+00:00,tl,True,167078861886377,687898319986939,33586269465429,False,1
415133436779363,@821918777005064 Di nyo kasi kayang punuin ang EDSA kasi dito konti lang suporta nyo. Magpaloko ba naman kayo sa Marcos eh. Iboto nyo ba naman nung UNITEAM pa tapos ngayon gusto nyo kayo na naman masunod sa gusto n'yong kandidato?,0,0,0,0,89,0,2025-03-25 23:41:38+00:00,tl,True,167078861886377,821918777005064,999182010819719,False,1
721354536903764,"ICYMI: Lumabas sa isang survey na 70 porsiyento ng mga Pinoy ay gusto ng mga kandidatong adbokasiya ang paglaban sa korupsiyon. #Halalan2025

BASAHIN: https://t.co/VJnUxog7Tv https://t.co/8PkNvqgII5",2,10,15,3,4397,1,2025-03-08 06:00:01+00:00,tl,False,721354536903764,,403780272519270,True,2
364378170762661,"@403780272519270 Tapos, ang iboboto mga kandidato ni Dutae at Boy Ngiwi!
🤭🤭🤭
Tapos, pag tagal, maraming reklamo sa gobyerno. 
Cycle ng mga bobotantes. 
🤭🤭🤭
Parang mga DDShits na galit na galit sa administrasyon ni Pamilya Illegal Wealth, eh sila din naman mga ogag na bumoto dun!",0,0,0,0,27,0,2025-03-08 20:31:17+00:00,tl,True,721354536903764,403780272519270,500445945093556,False,1
396046541519847,@403780272519270 Pero bobo pa din pag botohan na. Dun pa din sa mga trapo! Susme kalokohan mga survey na yan! https://t.co/HKC4HVIYd9,0,0,1,0,40,0,2025-03-08 23:15:49+00:00,tl,True,721354536903764,403780272519270,124075830962008,False,1
198629920110650,@403780272519270 @745045944886155 Huwag sisihin itong chairman dahil sinusunod lang niya ang batas ng COMELEC.  Ang dapat mag-ayos niyan ay ang lehislatura. Ang problema ay yung mga buktot na politiko na laging hinahalal ng mga bobong botante ang nakikinabang sa mga palpak na batas at patakaran kaya no change.,0,0,0,0,129,0,2025-03-12 13:02:41+00:00,tl,True,568189614164040,403780272519270,495365914531610,False,1
167195848830801,@403780272519270 @745045944886155 mas mahigpit pa rules ng comelecs sa school kesa sa comelec ng bansa ano yon tangina,0,0,0,0,902,0,2025-03-12 07:38:45+00:00,tl,True,568189614164040,403780272519270,164717327887578,False,1
645795218511417,@403780272519270 Tapos eventually sya na magffile ng candidacy sa comelec. Eyyy!,0,0,0,0,100,0,2025-03-04 16:48:27+00:00,tl,True,704041980982166,403780272519270,560877488678969,False,2
993016610964565,@403780272519270 Comelec talaga ang problema,0,0,0,0,78,0,2025-03-04 16:40:18+00:00,tl,True,704041980982166,403780272519270,129445256456927,False,1
967923955738264,@972890161400492 Wag iboto ang mga kandidato na ang loyalty ay nasa isang pamilya at hindi sa taumbayan.,0,0,5,0,110,0,2025-03-31 11:59:45+00:00,tl,True,164272170857272,972890161400492,730977716039373,False,1
164272170857272,'Wag niyong iboto 'yung mga nagtraydor kay Vice President Sara Duterte sa Kongreso – Ronald Cardema https://t.co/XNnqM2f8ZY,74,42,296,7,8350,0,2025-03-31 04:15:27+00:00,tl,False,164272170857272,,972890161400492,False,1
479269881166805,@870393445806201 hindi na kayo ang me hawak ng SD Cards ng COMELEC kaya gising na sa pantasya niyo mga ampotah kayo🤣🤣🤣,0,0,1,0,91,0,2025-03-12 01:43:19+00:00,tl,True,483655754536311,870393445806201,510501570702238,False,1
467387344804384,@870393445806201 It's possible they don't the public Kasi Anjan na sa kanila susi sa comelec. Kinulong nga Yung abugado na may knowledge sa IT dhil binulgar.,0,0,0,0,960,0,2025-03-12 01:35:13+00:00,tl,True,483655754536311,870393445806201,660143669255433,False,2
89360593770226,"@556776310795431 Grabe naman tong mga taong to! Di ba pwedeng apolitical lang sya, at hindi bumoboto kaya di nya alam ang Comelec? Para yun lang bobo na?",0,0,1,0,4,0,2025-03-05 15:44:28+00:00,tl,True,740607015133332,556776310795431,966220807918991,False,1
854840496508079,@556776310795431 Sabi na nga ba eh nag kakalat toh sa socmed tapos wala pa siyang alam sa comelec niyan ah🤣🤣🤣 bobita pro max,0,0,3,0,455,0,2025-03-06 05:47:53+00:00,tl,True,740607015133332,556776310795431,972701958438992,False,1
859955323467284,@556776310795431 Dami dito ingit porket dilang alam Ang comelec sege nga kung matalino ka alam moba buong Batas natin sa Bansa at mga org kung ano Ang mga Sangay nito at tungkolin. Hay tamang bash lang Naman kayong mga troll mga bobo talaga taga Davao bumobuto Ng Mga tae at manyakis.🤢🤢🤡🤡,0,0,0,0,20,0,2025-03-06 05:47:16+00:00,tl,True,740607015133332,556776310795431,6891282358426,False,1
85812744750930,@36502604678147 gurl FYI karamihan ng BOBONG BOTANTE ay ka-henerasyon mo... PO😮‍💨😮‍💨,0,0,0,0,3,0,2025-03-05 15:01:11+00:00,tl,True,834248641903102,36502604678147,258094824994739,False,1
32857333322300,@36502604678147 Lahh baka kapwa mo boomer bumoto sakanila iba na po panahon ngayon super init try mo kaya lumabas ng naka complete uniform tas naka high heels sa lalaki ok lang pero sa babae lintik na school yan rewuired mag heels,0,0,0,0,7,0,2025-03-05 04:49:39+00:00,tl,True,834248641903102,36502604678147,981539331693441,False,1
834248641903102,"Mainit, suspended classes.

Maulan, suspended classes.

Kaya mas kilala ng kabataan ang mga influencers kesa ang Comelec eh.

Kaya naboboto sila Bong Go, Bato at Robin Padilla eh.",970,187,9061,1073,463709,244,2025-03-03 23:48:55+00:00,tl,False,834248641903102,,36502604678147,False,1
49038764791438,@36502604678147 Ano connect ng suspension ng klase sa pagboto? Do you think mga students bumoto sa mga sinabi mo? Mukhang di pa nga mga bumuboto nung nanalo mga yan eh. Are you really sure na kabataan bumoto diyan? Walang sense analogy mo.,0,0,0,0,4,0,2025-03-05 14:35:21+00:00,tl,True,834248641903102,36502604678147,200563630591186,False,1
956513652128643,@36502604678147 Si Gloria nga nuon mahilig mag sandwich ng Holidays at auto cancel ang class kapag may cignal number ang area kahit walang ulan. Wala namang Bong Go- Padilla at  Bato noon. Sabihin mo tamad yang mga taga comelec pumunta sa mga school for orientation. 😂,0,0,0,0,78,0,2025-03-05 07:10:04+00:00,tl,True,834248641903102,36502604678147,339784321204563,False,1
882611662233105,"@36502604678147 May punto ka sa mga unwarranted class suspensions. Pero di lang naman mga kabataan ang bumoboto sa mga engot na yan. Millennials, who are now in their 30s and 40s, make up the biggest group of voters. Di na sila mga kabataan at madami sa kanila bumoto sa mga kupal na yan",0,1,0,0,10,0,2025-03-04 13:34:05+00:00,tl,True,834248641903102,36502604678147,769443859950921,False,1
785067238357297,@36502604678147 Eto na nman tayo sa pag compare nyo ng panahon niyo noon sa ngayon. 🤦🏻‍♀️ Parang di niyo alam ung climate change? yung heat index natin ngayon extreme kumpara sa dti. At hndi ba yung mga kabataan nowadays ang mulat sa katotohanan? hndi ba’t puro matatanda yang bumoto niyang tatlo?,0,0,0,0,55,0,2025-03-05 16:57:59+00:00,tl,True,834248641903102,36502604678147,393080631967383,False,1
857347537457619,@36502604678147 Si rommel alam nga ang comelec at sinong di botohin pero di alam ang climate change.,0,0,15,0,1210,0,2025-03-04 13:21:54+00:00,tl,True,834248641903102,36502604678147,197037960971585,False,1
200200618901330,"@795934158774830 @540245652693821 bakit inuutusan ba kayong iboto sila hindi naman dba? alam niyo bang may mga politician na a'tin? hindi lang sila maingay kc sarado utak natin sa kanila, kaya hindi napapansin ang entertainment music, mabuti pa sa south korea suportado ng gov't nila ang kpop wala naging problema",0,0,0,0,35,1,2025-03-26 06:13:20+00:00,tl,True,671809333618487,795934158774830,931464843041266,False,1
814511446123481,"@540245652693821 Gusto lang namin na may freedom ang boys sa kung sino ang gusto nila iboto,hindi dahil pinakiusapan sila na ei promote ang kandidatura,but im not saying na somebody did this pero kung sakali man sana hayaan nila pumili ang Ppop world na iboto ang nasa puso nila.SLMT",0,1,1,0,553,1,2025-03-26 06:00:58+00:00,tl,True,671809333618487,,795934158774830,False,2
786739693135855,"@79008473933029 nakakalungkot ang mga ganitong klase ng kandidato at politiko tsk tsk...mga pinoy nman sorry for the word eng eng  nadadala sa pasayaw sayaw ,bago dadaing wala pinagbago ang mga buhay kasi nga basta na  bumoto di nag iisip✌️",0,0,1,0,16,0,2025-03-23 13:04:03+00:00,tl,True,216032110004397,79008473933029,934699683859594,False,1
59994835994640,@79008473933029 Sana hatiin na lng ang gobyerno nu.. isa para sa mga mangmang at isa para dun sa bumoto ng tama yung pinairal ang critical thinking!!!,0,0,0,0,10,0,2025-03-24 03:01:05+00:00,tl,True,216032110004397,79008473933029,871513225621334,False,1
115362316644431,"@79008473933029 ngayong eleksyon tayo bumawi sa mga hunghang na yan, huwag iboto!",0,0,1,0,4,0,2025-03-24 07:53:42+00:00,tl,True,216032110004397,79008473933029,513744159179193,False,1
846105658271438,"@403780272519270 Bumisita at nagbigay ng ilang mensahe kahapon si Chi Almario-Gonzalez, Head ng News Gathering Department, at si Rowena Caronan, Head ng Research and Verification Unit ng ABS-CBN News.

#iTsekAngBoto #Halalan2025 #ABSCBNFactCheck https://t.co/yiWYigGNVV",0,0,2,0,47,0,2025-03-28 22:40:24+00:00,tl,True,933173716679741,368659257787499,368659257787499,False,2
527100786705768,"@403780272519270 Isa-isang nagpresenta ang representative ng bawat grupo ng mga nakalap nilang election stories sa kanilang lugar.

@403780272519270 #iTsekAngBoto #Halalan2025 #ABSCBNFactCheck https://t.co/96sBIoRA8F",1,1,1,0,1460,0,2025-03-28 06:29:13+00:00,tl,True,933173716679741,368659257787499,368659257787499,False,2
804543967565658,"@403780272519270 Tinalakay ni Alexa Yadao, Junior Program Officer for Electoral Reforms ng Legal Network for Truthful Elections (LENTE), ang mga batas at isyu tungkol sa eleksyon at pangangampanya.

@403780272519270 #iTsekAngBoto #Halalan2025 #ABSCBNFactCheck https://t.co/qfjYuvDdQg",0,1,0,0,74,0,2025-03-28 05:55:42+00:00,tl,True,933173716679741,368659257787499,368659257787499,False,2
270127149876509,@589029215591253 Sa darating na eleksiyon magkakaalaman at magigising kayo sa katotohanan unless nagkadayaan at comelec ay nabayaran....👊👊👊,0,0,0,0,13,0,2025-03-10 22:35:03+00:00,tl,True,5451020344972,589029215591253,785974449547364,False,1
30233398602181,"@589029215591253 Next time kasi wag iboto ang under ng yellow,kakampink,Marcoses,Duterte.
Bagong Pres yung walang kapit sa mga lumang samahan as in fresh.",0,0,0,0,58,0,2025-03-11 09:34:28+00:00,tl,True,5451020344972,589029215591253,242706669960906,False,1
765060111764820,@460436796410133 Sapat na yung alam na nya comelec basta wag lang ireregister ma-experience lng ang pagregister. Maddagdagan pa boto ng mga dedees.,0,0,0,0,1149,0,2025-03-04 09:50:21+00:00,tl,True,706727388433683,460436796410133,166976323046032,False,1
44223941350280,@460436796410133 DDs kasi cguro yan na nabudol kaya nahiya sya. Maniwala ka na wla syang alam sa politika o sa comelec? 😂,0,0,0,0,6,0,2025-03-05 05:26:08+00:00,tl,True,706727388433683,460436796410133,213002444365440,False,1
646573922281967,"@955129413518023 @690883004797923 @671959262148656 sana ilista po natin lahat ng mga pangalan 
  ng mga kandidato 
    para ipaayos po nila ang mali na nagawa na
       at malamang na magagawa pa,
           di po ba?",0,0,0,0,10,0,2025-03-05 21:48:50+00:00,tl,True,25695974313680,955129413518023,362872929916548,False,2
838642531038680,@955129413518023 @690883004797923 @671959262148656 asa pa tayo na may gawin ang comelec jan. Wala nga sila maayos na qualification sa mga tatakbo eh. Kahit sino pede? Kahit may kaso or nag ka kaso na. Haist kakawa ang pinas,0,0,0,0,27,0,2025-03-05 15:36:02+00:00,tl,True,25695974313680,955129413518023,328012652359782,False,1
53874302607477,@955129413518023 @690883004797923 @671959262148656 Justified talaga inis at galit ko sa mga polpolitiko na mga yan,0,0,0,0,1457,0,2025-03-05 13:38:41+00:00,tl,True,25695974313680,955129413518023,770260271578550,False,1
860448118773478,"@719625325791971 Wala din ba tv yan? Hahaha
Ayan! May iimbitahin na naman tauhan ng isang govt dept para iorient si bakla kung ano trabaho nila. Tulad ng ginawa ng COMELEC doon kay girl dahil di daw nya nakikita sa newsfeed nya ang COMELEC kaya clueless sya.",0,0,2,0,419,0,2025-03-04 17:30:15+00:00,tl,True,624291262866835,719625325791971,647464754826168,False,1
116553237632135,@842653687459347 @719625325791971 wag naman sana magaya sya ni gurl hahaha panay post ng anti dilawan noon tapos di alam importance ng comelec 😜😜😜😜,0,0,1,0,13,0,2025-03-05 11:22:03+00:00,tl,True,624291262866835,842653687459347,897947262728474,False,1
557812009374755,@556594177002905 Vote wisely! Huwag iboto ang mga Duterte at Marcos candidates,0,0,6,0,143,0,2025-03-18 05:59:38+00:00,tl,True,731688652358983,556594177002905,310274197004943,False,1
93918698304057,@556594177002905 puros cpp-npa a 🤣. wag nyo iboto mga yan. mga salot yan! france castro - kidnapper; kiko - propagating juvenile crimes; bam - poser ni ninoy; the rest are mga komunista and may mga personal agenda lang. #NeverForget,0,0,0,0,16,0,2025-03-18 09:13:34+00:00,tl,True,731688652358983,556594177002905,254418732415777,False,1
789707775435456,@492771802193429 UST lang pwede bumoto sa May. Please. Sana ito results,0,0,0,0,4,0,2025-03-07 15:28:59+00:00,tl,True,978116574578729,492771802193429,648602941192873,False,0
213559503832861,"@492771802193429 Nagpapasalamat po ako sa mga survey agencies like SWS, OCTA etc sa kanilang top 12 senatorial candidates dahil sila po ang HINDI dapat iboto sa Mayo. At ang dapat iboto ay ang nasa list ninyo😊",0,0,1,0,113,0,2025-03-06 07:14:16+00:00,tl,True,978116574578729,492771802193429,226414273006325,False,1
167690107791966,@492771802193429 sana makita ito ng lahat ng kabataang boboto ngaun halalan...hindi yung puro tiktok lng ng mga kandidato ang basehan nila,0,0,0,0,14,0,2025-03-06 13:39:27+00:00,tl,True,978116574578729,492771802193429,62520177631934,False,1
628498958767470,@996199929232092 Tanggapin ang pera iboto ang kursunada,0,0,0,0,147,0,2025-03-05 13:39:49+00:00,tl,True,629886225176489,996199929232092,834421356554267,False,1
116084767984908,"@884813826958956 @996199929232092 Also kung hindi nila iboto, walang magbibigay next election kasi baka hindi na tumakbo.",0,0,0,0,707,0,2025-03-05 21:51:27+00:00,tl,True,629886225176489,884813826958956,669655777262441,False,2
713111291459999,@996199929232092 Tanggapin mo man ang pera o hindi. Bumoto ka man o hindi sila parin ang mananalo. Hokus pokus is real!,0,0,2,0,31,0,2025-03-05 06:15:20+00:00,tl,True,629886225176489,996199929232092,202247977541565,False,1
462378356983412,"@74649779260 @589029215591253 Baka nadaan sa daya??? Hindi dn ako
Makapaniwala #1 yan, jusko mahabagin. Kailan ba titino ang mga botante. Ipasok nyo si Bam at Kiko ng magkaroon naman ng buhay ang sanado",0,1,3,0,204,0,2025-03-31 09:34:44+00:00,tl,True,134536786947320,74649779260,266983917769674,False,1
72014726745610,@589029215591253 Simbolo ng madaming bobotante sa Pilipinas 👊🏼,0,4,23,0,4082,0,2025-03-31 09:03:56+00:00,tl,True,134536786947320,589029215591253,790263559828700,False,1
921301526986881,@589029215591253 Yung lack of quality ng mga botante sa Pilipinas ay nare reflect sa lack of quality rin ng senators sa Pilipinas. Tingnan nyo yang isang yan? Siraulo lang ang mag iisip na qualified na senator yan.,0,0,0,0,65,0,2025-03-31 07:19:05+00:00,tl,True,134536786947320,589029215591253,556379763780493,False,1
985645859616271,@589029215591253 hindi ko talaga maintindihan bakit nanalo ito at bakit may mga bumoto sa kanya.. ang hirap tanggapin! 🤦,0,0,0,0,230,0,2025-03-31 11:15:18+00:00,tl,True,134536786947320,589029215591253,961655988034895,False,1
697280135068731,@643941695327431 @589029215591253 Plus may milagro talagang nangyayari sa loob ng COMELEC!,0,0,1,0,28,0,2025-03-31 22:20:27+00:00,tl,True,134536786947320,643941695327431,790263559828700,False,1
680471179520709,"@589029215591253 Ito Ang simbolo na, third world country Ang pilipinas. Ang mga botante, subrang hindi inaral kung sino Ang iboboto. Malayo pa talaga.",0,0,0,0,2,0,2025-04-01 03:25:38+00:00,tl,True,134536786947320,589029215591253,440510159271544,False,1
987103492449181,"@697216793328325 @690883004797923 ang dapat nya sagutin muna ay… MAY DAYAAN BANG NAGANAP NOONG 2022 ELECTION????? kung meron, isiwalat nya at baka suportahan pa namin sya!!",0,0,0,0,9,0,2025-03-07 11:07:58+00:00,tl,True,441863227657894,697216793328325,349029895218742,False,1
954242927026207,"@697216793328325 @690883004797923 Pilipinas lang nya na talo na sya wala pang eleksyon!
Pasikat si Vakla inggit yata kay Atty TofuckQ",0,0,0,0,17,0,2025-03-07 17:04:38+00:00,tl,True,441863227657894,697216793328325,684580879665813,False,1
923010277935419,@623361697158128 yan daw ang sabi ng pamilyang TAN sa SAMAR kaya namigay noong 2022 election ng tag 12T to 15t kada botante. NGAYON MABABAWI TALAGA NILA KASI nanalo nga sila. Dalawang congressman at Gobermador at Bise Bise Gobernador. NGAYON WALA NA SOLANG KALABAN…. NAG INVEST TALAGA NOOONG 2022,0,0,0,0,24,0,2025-03-06 09:22:46+00:00,tl,True,823867355951201,623361697158128,697785462142472,False,1
295338165061381,@623361697158128 Utang na loob maawa kayo sa Pilipinas at sa mga sarili ninyo. Ginigisa kayo sa sarili nyong mantika! Let’s block corruption at political dynasty. Ginagawang negosyo ang pagkakaroon ng pwesto sa gobyerno! Huwag iboto ang mga ito!,0,0,1,0,23,0,2025-03-06 08:40:54+00:00,tl,True,823867355951201,623361697158128,25619606574142,False,1
952725081107897,"@771634201586836 Not only her..All affiliated with Marcoses..At para lalong magalit ang mga Marcos, 4 lang iboto nila..Bam, Kiko, Heidi at Luke!!",0,0,0,0,6,0,2025-03-14 13:52:47+00:00,tl,True,834974908798330,771634201586836,548214123071186,False,1
873422023126301,@771634201586836 Huwag iboto lahat ng nasa line-up ni BBM 😂😂😂,0,0,0,0,71,0,2025-03-14 12:49:29+00:00,tl,True,834974908798330,771634201586836,191866516254935,False,1
723346001407462,"@509428916202013 Kaya walang mahatak na botante ang mga PINKLAWAN kasi ang taas ng tingin sa sarili. Lol keep it up sis. VIP treatment kasi she has the spot light, trending ang ignorance niya  and being ignorance is OK , hindi KASHUNGAHAN. Need nga ieducate.",0,0,0,0,9,0,2025-03-05 13:02:09+00:00,tl,True,193662132117909,509428916202013,397075591629256,False,1
219466068769301,@509428916202013 Dito malaman na ang comelec ay mag school tour para ipakiwanag ang kanilang mandate sa mga kabataan. Hindi Yung paiyak iyak kapag napagdudahan ang karapatan sa tungkulin. Iyak iyak  pero nakabihis Ng high fashion at naka makeup so nice.,0,0,1,0,28,0,2025-03-05 03:05:14+00:00,tl,True,193662132117909,509428916202013,762939340907357,False,1
8440894630709,"@450859115477496 masyadong basic yang Topic about ""COMELEC"" para nd niya alam. Like ang ingay ng upcoming election &amp; 18 naman na cguro sya ng last presidential election (not sure) pero dapat nakapag vote na sya ng SK that time. Cguro dapat required ng Uni ang Voters Id Sa lahat ng freshman nila.",0,0,0,0,139,0,2025-03-01 05:14:46+00:00,tl,True,902824112483866,450859115477496,339784321204563,False,2
390951634681652,"@450859115477496 Hindi ‘yan sanggol para hindi niya maging fault. Bobo! Oo, may educational crisis sa bansa. Pero now that we are in a digital age na at madali nalang ma spoonfed ng information due to internet, bobo siya kasi hindi niya alam ang COMELEC. Sa mga school pa nga lang, may COMELEC na!",0,0,1,0,32,0,2025-03-01 04:29:29+00:00,tl,True,902824112483866,450859115477496,340145640434622,False,1
239794517403457,"@450859115477496 Hmmm educ crisis. karamihan alam nmn ang COMELEC or mga sangay ng gobyerno kasi tinuturo nmn yan sa school. 

Baka di tlga alam ni ate kasi iba priorities nya. Sabi nya di sya botante, so baka wala lang tlga syang pakialam sa political scene sa Pinas. 😅",0,0,0,0,197,0,2025-03-01 03:30:44+00:00,tl,True,902824112483866,450859115477496,892306718657502,False,1
878187883249796,"@699445641768595 @450859115477496 Sinisi ni akla ang educational crisis, eh mga tambay nga na hindi nakatapos ng elementary alam kung ano ang Comelec eh.",0,0,0,0,64,0,2025-03-01 07:46:16+00:00,tl,True,902824112483866,699445641768595,256706530852814,False,1
906534114425201,@17206896528823 BASURA TALAGA tingin ng ma politiko sa botante.. ano to @690883004797923 ??,0,0,7,0,915,0,2025-03-18 02:27:51+00:00,tl,True,962439419098639,17206896528823,716964712679996,False,1
534566052120862,@17206896528823 Tapos tuwang tuwa sila... jusko.. pakababa ng tingin ng mga politiko sa mga botante!!! Goodness 🤦‍♀️,0,0,0,0,95,0,2025-03-18 09:03:16+00:00,tl,True,962439419098639,17206896528823,175371803785234,False,1
266312013156051,@7595767113704 Tandaan huwag iboto ang mga Senador na ito.,0,0,0,0,38,0,2025-03-27 13:49:34+00:00,tl,True,887843146020000,7595767113704,892093587002578,False,1
455449621718280,@7595767113704 Panagutin sila at huwag iboto yung mga kandidato ngayon na mga nasa litrato!,0,0,7,0,258,0,2025-03-26 16:54:12+00:00,tl,True,887843146020000,7595767113704,25619606574142,False,1
785225731163494,"@589029215591253 Parang tanga lang ang COMELEC. Wala pang campaign period nakakalat na ang mga posters, placards, and tarpaulins ng mga pulitiko. Masyadong detached sa reality ang COMELEC.",0,0,1,0,94,0,2025-03-11 03:01:17+00:00,tl,True,710387060297068,589029215591253,428870587258847,False,1
405613914937839,@589029215591253 putangina talaga ng comelec e hahahahaha,0,0,0,0,139,0,2025-03-11 07:17:57+00:00,tl,True,710387060297068,589029215591253,900613684065295,False,1
646401187556138,@589029215591253 Mas madali daw punahin yung naninita sa premature campaigning kesa sa gumagawa nito sabi ng comelec. 🤣,1,0,31,0,2111,0,2025-03-11 03:03:20+00:00,tl,True,710387060297068,589029215591253,610305864684826,False,1
356133511887246,@589029215591253 ang bigyan niyo ng aksyon #comelec ay ang mgq Nagbibigay ng Ayuda na tumatakbong Konresista gaya ni Luistro kitang kita ang pagbibigay ng pera,0,0,5,0,713,0,2025-03-11 03:45:06+00:00,tl,True,710387060297068,589029215591253,78819209076459,False,1
71088442775642,@787696136528815 @372769658477055 this is bothersome. wdym may kakayahang bumoto yung mga ganitong tao?,0,0,5,0,443,0,2025-03-23 15:52:28+00:00,tl,True,813288727446306,787696136528815,177432517751797,False,1
911595694289682,@372769658477055 Galing mang bola ng mga pulitiko pag halalan,0,0,0,0,30,0,2025-03-23 08:20:07+00:00,tl,True,813288727446306,372769658477055,813962923851726,False,1
153551620416054,@510149406765704 Comelec huwag kayong mandadaya kayo din ang mananagot oras na kayo ay nakipag sabwatan sa administrasyon!🤬,0,0,0,0,7,0,2025-03-25 19:38:55+00:00,tl,True,303924968138536,510149406765704,232024858763820,False,1
303924968138536,"Pormal nang inilagak ng Commission on Elections ang source code ng automated election system para sa #Halalan2025 sa Bangko Sentral ng Pilipinas.

Ito ay bilang bahagi ng mga hakbang para masiguro ang malinis at tapat na halalan sa Mayo. https://t.co/jXQowUkPt1",4,10,12,2,6388,0,2025-03-24 15:25:29+00:00,tl,False,303924968138536,,510149406765704,True,2
480844851873051,"Malapit na ang halalan, use your platform para ituro sa kanila ang tamang pagpili ng mga kandidatong iboboto.",10,4,99,2,3871,0,2025-03-01 01:00:37+00:00,tl,True,194018838796800,502848624539866,502848624539866,False,0
528826322660205,"@502848624539866 Matanda na yan, anong educate pa ang need niya? Ganun ba siya ka-mangmang? May cellphone naman, mag-research siya. Yung mga nasa bundok na nag-aaral gamit lang lampara, mas alam pa ata Comelec kaysa sa kanya.",0,0,1,0,151,0,2025-03-01 02:55:07+00:00,tl,True,194018838796800,502848624539866,20409618498777,False,1
231093530404184,"@403780272519270 @745045944886155 like, wtf! magiging COMELEC ambassador pa nga dahil sa katangahan nya, tanga lang pala ang qualification para maging ambassador. Smh",0,0,1,0,46,0,2025-03-04 12:55:50+00:00,tl,True,906426051720955,403780272519270,128061333632091,False,1
906426051720955,"May mensahe si It's Showtime ""sexy babe"" contestant Heart Aquino sa mga kapwa kabataan ngayong #Halalan2025. | via @745045944886155 
https://t.co/CnGnqv6t1Z",4,46,34,7,20305,7,2025-03-04 11:41:10+00:00,tl,False,906426051720955,,403780272519270,True,2
268981319140955,@71328011970915 @664138562411848 Binangon lang nya dignidad ng kaunti ang Marcos pero di pa ri  yan namin iboto 💚👊🏻,0,0,1,0,24,0,2025-03-21 03:47:40+00:00,tl,True,82179276669429,71328011970915,38778585046870,False,1
936553847310880,@664138562411848 eme eme lang yan siya para makuha niya loob ng mga dds tapos iboto siya sa eleksyon 🤣🤣 alam niya kasing mainit dugo ng mga dds sa marcoses kaya nag tatanga tangahan siya riyan HAHAHAHAHAHAHAHA,0,0,0,0,3,0,2025-03-20 19:32:43+00:00,tl,True,82179276669429,664138562411848,909952863114237,False,1
735106971213363,@923197438109156 @556776310795431 ABS CBN?  Bakit anong connection sa mga yan?   Isisi mo mga tao bumoto sa kanila or boboto pa lang.. Kaya Vote Wisely!,0,0,0,0,14,0,2025-03-02 05:35:00+00:00,tl,True,142088609821175,923197438109156,27143990789864,False,2
509571986570734,"@556776310795431 Lakas ng apog ni Willie! Alam nya sa sarili nya na hindi nya kaya na magSenador. Eto bubudulin pa ang maraming botante lalo na ang mahihirap. Pag nanalo to, uusok ang upuan nito sa Senado kasi tameme lang ito at magiging isa pa ding #PalamuninNgBayan!!!",0,1,3,0,61,0,2025-03-01 17:34:35+00:00,tl,True,142088609821175,556776310795431,626947464419631,False,1
966390092026778,"@556776310795431 Tanga lang boboto dito. Again, TANGA LANG. Kaya 'yung mga tatanga-tanga, iboto niyo ito.",0,0,0,0,15,0,2025-03-01 01:35:28+00:00,tl,True,142088609821175,556776310795431,909498365722624,False,1
921675216943473,@88987228372981 @581180724593503 At cno may sabi saU bumoto ako presidente?🤣🤣🤣. Kya wag ka mg'thank U sakin u LOL!🤣🤣🤣,0,1,0,0,15,0,2025-03-15 00:51:41+00:00,tl,True,586410925675018,88987228372981,450844182200103,False,1
827305883360032,@450844182200103 @581180724593503 Bakit hindi mo masabi na botante ka? PAIWAS KA GAGO!🤣🤣🤣🤣🤣,0,1,0,0,7,0,2025-03-15 03:17:51+00:00,tl,True,586410925675018,450844182200103,88987228372981,False,1
115574556629965,"I hope magkaroon tayo ng kandidato o lider na nakaupo sooner na mapag-iisa tayong lahat na Pilipino, na di natin kailangan magaway-away na magtulungan tayo para ibangon bansa natin. Ang hirap makitang marami pa rin sa kapwa natin mga Pilipino ang naghihirap, bumoto tayo ng tama.",0,0,1,0,13,0,2025-03-13 11:45:52+00:00,tl,True,325770489182514,676151518013113,676151518013113,False,0
325770489182514,"Grabe dami p rin saradong utak na mga DDS tapos sa Kakampink ipo-point yung pag-aresto kay FPRRD eh sila naman bumoto kay Marcos. Ok lang daw i-murder basta adik, grabeng mindset wla na bang pag-asa bumangon Pilipinas. Magpapa-alipin na lng tayo sa maling gawain ng mga politiko?",0,1,1,0,83,0,2025-03-13 11:40:51+00:00,tl,False,325770489182514,,676151518013113,False,1
791931753750792,@225867148354714 Pinabasa niyo na lang sana sa kanya ang Article IX ng 1987 Constitution... Napakadaming bakanteng oras ng Comelec.,0,0,1,0,50,0,2025-03-04 07:33:59+00:00,tl,True,296087911719362,225867148354714,752618655771860,False,1
920035190090454,@225867148354714 Elementary p lang Ako alam ko n ang Comelec 🤣,0,0,0,0,31,0,2025-03-04 10:19:23+00:00,tl,True,296087911719362,225867148354714,504181835740612,False,1
296087911719362,"“It’s Showtime” contestant na si Heart Aquino, na nagsabing hindi alam kung ano ang Commission on Elections, nasa opisina ng Comelec ngayong araw ng Martes para mapaliwanagan kung para saan ang ahensiya at kung paano boboto ang mga kabataan kagaya niya. 

Courtesy: Richard Neri https://t.co/5AgTsVP3di",13,109,141,29,64357,16,2025-03-04 06:33:47+00:00,tl,False,296087911719362,,225867148354714,True,2
446946635298545,@225867148354714 Bakit hindi tingnan ng COMELEC kung hindi talaga siya naka rehistro? I'm sure naka rehistro at bumoto na yan last election. 🤨🙄🤮,0,0,0,0,8,0,2025-03-04 12:05:33+00:00,tl,True,296087911719362,225867148354714,440762711105104,False,1
702795719583222,@731919103946471 Pag nanalo pa Villar e talagang tanga o tinakot ba ang botante o dinaya ng machine ng COMELEC! Eto talaga ang hinihintay ng kumukulong asupre sa impyerno! Pang sarili lang iniintindi,4,0,51,0,3504,0,2025-03-06 10:10:22+00:00,tl,True,978165566960445,731919103946471,338630146209118,False,1
823698308884513,@731919103946471 Eto yung tagapaglingkod natin na hindi kumakatawan satin! Si Aling Manliliit na apathetic sa plight ng mga mahihirap. Huwag na iboto kahit isa sa kanila. Buwagin na ang Villar Dynasty!,0,0,0,0,53,0,2025-03-07 06:06:36+00:00,tl,True,978165566960445,731919103946471,626947464419631,False,1
532587983994542,"'WALANG KWENTA KANG SENADOR'

PANOORIN: Ipinaliwanag ni Chris Tan sa kanyang vlog kung bakit hindi niya iboboto si Sen. Bato Dela Rosa bilang senador sa #Halalan2025. Sang-ayon ba kayo sa kanya?

📽️ Contributed video https://t.co/CmMzp1zEkD",375,28,1436,12,39467,69,2025-03-12 07:19:07+00:00,tl,False,532587983994542,,995120649715525,True,2
279305987548748,"@995120649715525 Pina-susweldo ng madlang pipol yan kahit walang ginagawang mapakikinabangan ng bayan, di ba? Kaya hinde na dapat iboto. Ibigay na lang yan sa ICC!",0,0,1,0,5,0,2025-03-13 14:43:39+00:00,tl,True,532587983994542,995120649715525,554423716436549,False,1
876959466586675,"@879290284793177 @403780272519270 @745045944886155 Kaso, yun lang ang kinekwestyon ni Respicio sa COMELEC pero bakit pagsampa ng kaso ng cyberlibel ang sagot ng COMELEC. Hirap ba sabihin na hindi ito connected sa network? 

https://t.co/WyGHv1MTVW",0,0,0,0,21,0,2025-03-11 01:30:37+00:00,tl,True,927300801015753,879290284793177,71322216688122,False,1
301736879868032,@403780272519270 @745045944886155 Kayang kaya nyo gawan ng paraan yan like nangyari nung 2022 na iisang IP address ang pinanggalingan bago pa man matapos ang botohan.,0,0,0,0,58,0,2025-03-10 23:42:26+00:00,tl,True,927300801015753,403780272519270,785759050285048,False,1
935180561542429,@183439609295629 @676412178050337 yes sana talaga maging maayos ang botohan at walang kaguluhan na mangyare,0,0,0,0,3,0,2025-03-31 15:48:02+00:00,tl,True,622113203654828,183439609295629,322364509858479,False,0
271723607995752,@676412178050337 ganyan talaga sa pilipinan pag malapit na ang eleksyon dumadami ang krimen na nangyayari kasama ang mga kandidato sana maging mapayapa ang eleksyon sa atimng bansa,0,0,0,0,3,0,2025-04-05 01:03:05+00:00,tl,True,622113203654828,676412178050337,545443142943320,False,1
94996474384200,"@348286395681118 Iboto nyo na silang lahat para maalis ang sindikato sa Senado. Palitan naman natin ang mga bobo duon, si Risa lang ang matino. The rest puros tao na ni Duterte.",1,0,2,0,648,0,2025-03-18 05:28:44+00:00,tl,True,346046964431237,348286395681118,7595767113704,False,1
399222284409010,"@348286395681118 Can you explain po yung possible na maging benefits if sila ang iboto? I just wanna solidify my reasons on as to why I should vote for them, hindi ako makahingi ng advice sa parents ko kasi baka mahaluan ng own judgement or opinion nila, and baka mas mapahirapan ako sa pagpili ko",0,0,0,0,23,0,2025-03-19 20:33:36+00:00,tl,True,346046964431237,510262375332807,510262375332807,False,2
498213991371015,@325002683734926 Comelec wag na kayo mangdaya sa election baka ma viral kayo sa it’s showtime!,0,0,1,0,121,0,2025-03-04 07:30:19+00:00,tl,True,663402311546166,325002683734926,829976257783994,False,1
572610223224740,@325002683734926 Defensive agad ang Comelec. Namimili ng aatakihin. Kaso agad kay Atty. Respicio. 🤮,0,0,0,0,10,0,2025-03-04 11:26:58+00:00,tl,True,663402311546166,325002683734926,519729471306235,False,1
921961918107921,@770746673069530 @502848624539866 Ang number 1 tanga ay yung mga bumoto sa kanila sama mo na un nakaupo at un umasa makaka upo agad jusko alam na mga mandarambong binoto pa sama sama nman tayo sa lusak ok lang yan,0,0,1,0,201,0,2025-03-20 01:40:48+00:00,tl,True,825244241241056,770746673069530,968530509399413,False,1
870029109791110,@770746673069530 @502848624539866 iboto ba naman ng mga kapwa tanga 😂😂😂,0,0,0,0,82,0,2025-03-20 04:58:20+00:00,tl,True,825244241241056,770746673069530,517412487215379,False,1
897977902577814,@505173227680197 Taenang top senador ba kamo? Mkikita natin kabobohan ng mga nagsiboto jan kya hindi na tayo aasenso kasi gusto ng mga yan lalong maging bobo mga tao para sila pa rin ang iboto😬😫,0,0,0,0,5,0,2025-03-21 11:53:44+00:00,tl,True,766366131812944,505173227680197,695974858197723,False,1
325379179888945,"@505173227680197 So, may due process basta “tayo ang boss?” 🤷🏽‍♀️ E sila lang ang boss di ba? Yun the rest of the Filipinos, walang due process, kasi hindi tayo ang boss. Alam niyo na ang hindi dapat iboto.",0,0,0,0,29,0,2025-03-21 11:41:22+00:00,tl,True,766366131812944,505173227680197,655600276917440,False,1
644192146315286,"'MAS NA-ENLIGHTEN PO AKO, MAS NATUTO PO AKO.'

Ito ang sinabi ng noontime show contestant na si Heart Aquino matapos siyang imbitahang bumisita sa tanggapan ng Commission on Elections #COMELEC. #News5 | via Mon Gualvez https://t.co/BCUHvl2IID",0,1,1,1,911,0,2025-03-04 13:49:34+00:00,tl,False,644192146315286,,589029215591253,False,0
213944592425001,Bukas si Heart na maging COMELEC ambassador para magbigay-inspirasyon sa kabataan.,0,0,0,0,262,0,2025-03-04 13:49:36+00:00,tl,True,644192146315286,589029215591253,589029215591253,False,0
685402539289463,@403780272519270 @745045944886155 napakawalang kwenta ng COMELEC,0,0,0,0,6,0,2025-03-13 08:50:04+00:00,tl,True,97252769066933,403780272519270,692543859835575,False,1
494595766240110,@403780272519270 @745045944886155 My posibilidad pang maging mayor? At matalo sa eleksyon ang kanyang kalaban? Kahit na may kaso sya at maaaring makulong? Wow PHILIPPINES! WHAT A STUPID COMELEC!!!!,0,1,3,0,354,0,2025-03-12 06:09:07+00:00,tl,True,97252769066933,403780272519270,591235579344861,False,1
149991162717915,@403780272519270 @745045944886155 walang kwentang rules and regulations ng comelec kahiya hiya mga mambabatas natin dapat linisin ang rules na ito,0,0,0,0,9,0,2025-03-12 13:38:39+00:00,tl,True,97252769066933,403780272519270,271068274105652,False,1
838329863389777,"@325680252986141 Comelec, asikasuhin nyo mga kaso ng early campaigning, illegal posters, vote buying, etc. Nagkalat violations pero nganga lang kayo.
Yung kaso ng One IP Address na dayaan di nyo pa ma explain.
Kung ano-anong kababawan inaatupag nyo!",2,0,5,0,111,0,2025-03-04 19:42:40+00:00,tl,True,872024728087501,325680252986141,500445945093556,False,1
579951769207748,@325680252986141 bobo nmn kelangan pa ba talaga mag tour para lang maunawaan mo true meaning ng comelec?? heto nmn comelec isa pang bobo pinagkagastusan nyo pa ng pera ng bayan at oras yang pa tour nyang ignorante na yan.. 🤦,0,0,0,0,13,0,2025-03-05 03:36:11+00:00,tl,True,872024728087501,325680252986141,74649779260,False,1
623211831275138,"Mabuti pa si Ms Cielo Magno, nag-iingay na ang tunay na laban ay sa loob ng Comelec. Ang mga oposisyon, kampante lang at hindi na natuto sa milagro ng Comelec noong 2019 at 2022.",0,0,2,0,2,0,2025-03-03 15:23:19+00:00,tl,False,623211831275138,,655507775035263,False,1
229761502536967,@655507775035263 Tangina tlaga tong comelec. Sila main cause ng problema,0,0,0,0,5,0,2025-03-04 14:36:51+00:00,tl,True,623211831275138,655507775035263,400244480697273,False,1
61596143456002,"@545058297947458 Tanga, Bobo at Inutil lang bumoto dyan kay Boy Sili. Ka sili na lang ang manyak pa. Itsura paanu mo gagalangin. Ex Convict na ex Convict!",0,0,0,0,4,0,2025-03-24 02:40:48+00:00,tl,True,98349658798746,545058297947458,225869137683985,False,1
98349658798746,Sinong loko loko ang bumoto dito bilang senador? Taas ang kamay? https://t.co/g4XdsvjiPT,7,12,34,0,660,0,2025-03-23 03:33:58+00:00,tl,False,98349658798746,,545058297947458,False,1
559806194620573,"@87633746475166 nagresearch daw sha agad abt sa comelec kauwi nya huhu, pamangkin kasi sya ng isang drag queen na kaclose ko hayss",0,0,1,0,19,0,2025-03-02 15:20:03+00:00,tl,True,895647749994000,87633746475166,495688536970326,False,1
446660575530838,@87633746475166 kita nyo na ba ung issue abt sa sexy babe candidate na hindi aware sa comelec?,0,0,1,0,40,0,2025-03-02 15:18:22+00:00,tl,True,895647749994000,87633746475166,495688536970326,False,1
840925783907578,"@87633746475166 mahalaga para sa fair elections, pero kailangan ng transparency at accountability, tama mali? emz basta alam nyo naman sino dapat iboto right? sabi nga ni maxie wag bumoto ng mga 8080 katulad ni anonez",2,0,2,0,42,0,2025-03-02 15:27:34+00:00,tl,True,895647749994000,87633746475166,495688536970326,False,1
515788578237828,@553788313781654 Bakit parang may tinatago ang comelec? Hindi sila open for possibility na mangyayari yung sinasabi ni atty...wala nman masama sa sinabi nya. Dapat nga magpasalamat sila na nalaman nla na pwede pala mangyari yun at para mawarningan sila at ayusin ang dapat ayusin,0,0,0,0,27,0,2025-03-05 23:50:15+00:00,tl,True,32344915982560,553788313781654,712507530200621,False,1
3360691322573,@553788313781654 Dapat nga pasalamat ang comelec sa kanya .. para tingnan nila baka nga posible yung sinabi nya.. KASO DEFENSIVE .. awwww ALAM NA,0,0,0,0,29,0,2025-03-05 22:45:16+00:00,tl,True,32344915982560,553788313781654,816708039457267,False,1
528393088765412,@664138562411848 yan yung sinasabi dati ni ex vp leni. tanggapin ang pera at bumoto ng naaayon sa konsensya.,0,0,5,0,1143,0,2025-03-30 02:52:15+00:00,tl,True,919511799217004,664138562411848,961206019938657,False,0
981474968060733,@664138562411848 Paano kung parehong kandidato nagbibigay ng pera? Sino iboboto? Yan hirap lalo na sa mga probinsiya na ingrained na ang pagbili ng boto. Wala ng kandidato na hindi nagbabayad kasi ine-expect na ng mga botante.,0,0,0,0,911,0,2025-03-29 10:46:49+00:00,tl,True,919511799217004,664138562411848,999182010819719,False,1
576891332630424,@774915164947783 Dahil sa mga taong bomoto sa kanya. Ayaw ko nalang magsalita ng masama pero gets nyo na siguro kung anong pagiisip meron sila para iboto sya🤪 Try pa nila iboto ulit yan ewan ko nalang talaga,0,0,0,0,4,0,2025-03-31 20:09:43+00:00,tl,True,145782812456138,774915164947783,458540466032031,False,1
247209727881724,@774915164947783 Wag iboto ang mga alipores o tuta ni tatay digs lalo na yung PDP na walang Laban. The way Mr Urge says yayamanin ni tatay digs lahat ng kailangan andyan na lalo na siya ang namamahala yaman ni Quiboloy. Nawala ang kulambo paawa effect tuloy pati gas tank. https://t.co/iyMJudZWBW,0,0,1,0,252,0,2025-04-01 03:30:39+00:00,tl,True,145782812456138,774915164947783,620194396252301,False,1
714990155353428,"@972890161400492 Hindi lang para sa kulay BERDE at PULA ang botohan, kaya kung mahal nyo ang Pilipinas wag iboto ang kandidato ng mga Duterte at Marcos. Maghihirap lalo ang Pinas dahil sa ganid at katiwalian na pamamalakad.",0,0,0,0,12,0,2025-03-05 05:40:59+00:00,tl,True,277765223624310,972890161400492,2092313670259,False,1
978419950005774,"@972890161400492 Gusto niyo ba ng pagbabago, o mas gusto niyo magpagago? 🤨

RELATED: ""Sa Lahat Ng Mga Botante, Ilang Paalala""
https://t.co/mbuLVgFNue https://t.co/QWUKmZopa3",0,0,0,0,6,0,2025-03-05 05:59:13+00:00,tl,True,277765223624310,972890161400492,903255532047261,False,1
882197232244760,"@403780272519270 @745045944886155 May alam un sa COMELEC, DDS nga iyon e. Panay share ng fake news",0,0,0,0,287,0,2025-03-03 11:09:21+00:00,tl,True,433189827594209,403780272519270,904908975179868,False,1
392737025504198,"@403780272519270 @745045944886155 kung alam ng contestant ng showtime ang salitang dayaan, alam nya rin ang comelec",0,0,2,0,116,0,2025-03-04 04:09:11+00:00,tl,True,433189827594209,403780272519270,769571127816650,False,1
124255327199615,"@686947187404402 Kung magkakaroon ng Halalan ngayon, nakikita ko na laglag parin si Kiko Pangilinan, kaya konting push pa sa pangangampanya sa kanya.",0,0,1,0,45,0,2025-03-03 22:17:21+00:00,tl,True,873230709049304,686947187404402,606678057090263,False,2
916933428095756,"@901384306466572 @686947187404402 Keasa Team China, pag mahal mo ang bayan mo dun ka sa walang bahid ng korapsyon. Dahil mahal mo ang China, iboto mo ang Team kasamaan at kadiliman. 🤣🤣🤣",0,1,0,0,19,0,2025-03-03 02:45:56+00:00,tl,True,873230709049304,901384306466572,513843264327075,False,1
49643716164564,"@344521896144 Siklab ng umaga'y magliliwanag

WRIVE ANG SIMULA
#AkoAngSimula
#Halalan2025 #WRIVE",0,0,0,0,29,0,2025-04-21 14:57:25+00:00,tl,True,182545192430098,344521896144,565272225968544,False,0
197394057002120,"@344521896144 wag nang mahimbing sa sariling mundo

WRIVE ANG SIMULA
#AkoAngSimula
#Halalan2025 #WRIVE",0,0,0,0,25,0,2025-04-21 11:27:51+00:00,tl,True,182545192430098,344521896144,660805325243720,False,0
824365672295473,"@344521896144 siklab ng umaga ay magliliwanah

WRIVE ANG SIMULA
#AkoAngSimula
#Halalan2025 #WRIVE",0,1,0,0,28,0,2025-04-21 11:26:00+00:00,tl,True,182545192430098,344521896144,660805325243720,False,0
987793181511539,"@344521896144 Ako ang tatapos sa pagsubok na 'to

WRIVE ANG SIMULA
#AkoAngSimula
#Halalan2025 #WRIVE",1,0,1,0,43,0,2025-04-21 11:17:55+00:00,tl,True,182545192430098,344521896144,970825730983915,False,0
563949057135365,@692433972929338 Agree. Sya lang ba ang kandidato? Hahahaah,0,0,0,0,27,0,2025-04-09 12:49:50+00:00,tl,True,727908330396500,692433972929338,470270612145582,False,1
40346547636475,@836120722434592 @692433972929338 Dahil hindi perpekto lahat ng kandidato. Hanapan mo ako ng kandidato na against corruption at pro sogie at hindi pro-sogie dahil convenient sa kanila kasi election,0,1,0,0,15,0,2025-04-09 14:08:26+00:00,tl,True,727908330396500,836120722434592,172116534794923,False,1
308578140297551,@923976225166413 Comelec ang alas ng admin para maipanalo mga manok nila..this is robbery in broad daylight,0,0,1,0,182,0,2025-04-14 02:19:42+00:00,tl,True,491330412498769,923976225166413,511765659865107,False,1
150624069213386,@923976225166413 SAMPOL pa lang yan sa Mangyayari ngayong Mayo. Remember na mga LOYALISTA ni Bangag ang nasa COMELEC ngayon ...,0,0,3,0,210,0,2025-04-14 02:31:33+00:00,tl,True,491330412498769,923976225166413,30271839131245,False,1
739840706969968,@403780272519270 @745045944886155 Kikita na nmn ang Comelec pag nagkataon,0,0,0,0,9,0,2025-04-24 03:03:51+00:00,tl,True,753091605054457,403780272519270,910471183483607,False,1
13678820690011,@403780272519270 @745045944886155 For sure pti comelec kaya nilang bilhin. Pinagpapaliwanag pa dahil walang sariling pang intindi ang comelec.,0,0,0,0,4,0,2025-04-22 11:38:39+00:00,tl,True,753091605054457,403780272519270,573949276633355,False,1
307411035396018,@272995495731233 kabobo talaga bumoto ng mga tao 🥱,0,0,0,0,14,0,2025-04-26 12:50:04+00:00,tl,True,785494743416628,272995495731233,912377054642827,False,1
575124916812709,"@272995495731233 dito palang alam mo na obob ung mga bumoto. lmao.

delikado talaga sa pinas jusko",0,0,0,0,15,0,2025-04-26 14:23:58+00:00,tl,True,785494743416628,272995495731233,421377532741559,False,1
110644261950378,"@995120649715525 Hwag IBOTO!!!
Mga huwad na mga namumuno!",0,0,0,0,78,0,2025-04-17 16:04:05+00:00,tl,True,824079255937389,995120649715525,325991235364690,False,1
968524620688017,"@995120649715525 People Needs water to splash on your face Camille, kapal muks ka para mag tanong ano kailangan ng tao?
Huwag mag pabudol people, pag nag bigay pera kunin nyo pero wag iboto... 🤔😂😜",2,0,7,0,407,0,2025-04-18 15:49:20+00:00,tl,True,824079255937389,995120649715525,301509197607766,False,1
757506848713958,@124110047198632 And anung assurance nyo na yung mga nag-yes kuno sa SOGIE bill eh talagang magye-yes pag nakaupo na? It's campaign period. Lahat ipapangako nila sa mga botante. Kahit ang impossible.,2,0,28,0,2197,0,2025-04-08 20:39:22+00:00,tl,True,558802769012630,124110047198632,804132683937928,False,1
167006462124729,@124110047198632 Walang ibang pakialam yang sassa gurl kundi yang issue lang nyan. in short makasarili. entitled masyado. tapos akala mo naman mahikayat nya ang mga tao na wag iboto si Heidi. Shungang post,0,0,0,0,127,0,2025-04-08 23:39:00+00:00,tl,True,558802769012630,124110047198632,651472721760502,False,1
72174977237391,"@124110047198632 walang perpektong kandidato, kaya huwag kayong maghanap ng susunod sa lahat ng gusto nyo. kung sasabihin ba ni Ipe at kuya Willie na susuportahan nila to the max ang mga LGBTQA+, iboboto nyo sila?",0,0,0,0,39,0,2025-04-09 02:10:04+00:00,tl,True,558802769012630,513725078601700,512859969699507,False,1
584732091008098,"@472069454978195 Leni introduced Marcoleta as a Senator as sign of respect. Hindi sya bastos, butangera kagaya ni Sara at hindi maka DDS. Sakali Atty., ano gagawin mo pag nagkataon meron pumunta sayo na (mga) kandidato sa pagka senador ng kabilang partido? itataboy or ipapakilala mo rin ba?",0,0,1,0,52,0,2025-04-27 23:39:53+00:00,tl,True,664171722363819,472069454978195,746088140670772,False,1
268727718538066,@472069454978195 Tinaas ba yung kamay ni marcoleta? Sinabi bang iboto nyo si marcoleta?  Ni welcome lang ata sya bilang senatorial candidate.,0,0,2,0,97,0,2025-04-28 08:24:59+00:00,tl,True,664171722363819,472069454978195,22877095432765,False,2
112099116636510,@167885305630235 Malamangkung ganyan ang pagiisip iboboto nila yung Kandidato basta pabor sa issues nila maski paiikutin lang sila sa umpisa. Tapos sablay naman. Sana I consider din nila na matinong nagsilbi sa bayan si Heidi Mendoza.,2,0,14,0,1422,0,2025-04-09 01:27:38+00:00,tl,True,88548150592857,167885305630235,96744137085726,False,0
19309503100032,"@167885305630235 Ayaw nyo sa against sa sogie diba. Sige iboto nyo yung mga manyak at bastos. Mga artistang walang alam sa paggawa ng batas, mga komedyante, mga kurap, magnananakaw! Kapag yung mga yon nanalo at walang kinaganda ang Pinas. Walang iiyak ha, good luck sa same sex marriage nyo.",0,1,1,0,64,0,2025-04-09 02:57:08+00:00,tl,True,88548150592857,167885305630235,652610168014245,False,1
11479836618643,@214022139434186 Wag iboto ang gagu n yan mga demonyo talaga ang kaalyado ng Duturte lalo lng sumama ang situasyon ng Pinas simula ng hawakan ang bansa mga budol,0,0,0,0,23,0,2025-04-12 15:39:00+00:00,tl,True,755506776421485,214022139434186,457766510264626,False,1
93532757490577,"@214022139434186 Lahat ng Pro Duterte at Pro China ay huwag na huwag iboto dahil walang paniniwala sa Diyos, walang malasakit sa sariling territory, walang malasakit sa pamahalaan instead pinapanigan pa ang mga tsikua, walang paniwala sa taong pangkarapatan, pinapalakpakan at natutuwa sa pagmumur",0,0,0,0,7,0,2025-04-15 16:34:54+00:00,tl,True,755506776421485,214022139434186,160489455673453,False,1
176151560704261,@936974284697953 @886466108474189 Ayy ung mga buwaya ba na congressman at senador na nakatanggap ng 36BILLION AKAP ang sinasabi mo? Pinapanalangin ko na sana magkasakit ang mga asawa at anak nila! Because they deserve it! Alam nila kung gano kahirap ang bansa and yet lantaran nilang ninanakawan,0,0,0,0,3,0,2025-04-16 01:27:15+00:00,tl,True,749218989557511,936974284697953,390892627003270,False,1
936548356200973,@886466108474189 Tama si Sen. Kiko! 🤝 Dapat ilantad ang mga kandidato sa kanilang tunay na hangarin at hindi umasa sa trolls o black propaganda. Mas mahalaga ang tunay na serbisyo kaysa sa viral memes. 🗳️🇵🇭,0,12,0,0,23,0,2025-04-17 18:52:09+00:00,tl,True,749218989557511,886466108474189,608539815754667,False,0
680976599945996,@951194522575111 Naninira ka kang! Ang mga pdp laban ang huwag iboto!,0,0,4,0,227,0,2025-04-22 10:04:32+00:00,tl,True,611076126522669,951194522575111,25619606574142,False,1
833944685384037,@951194522575111 Tama Huwag iboto ang sumusuporta sa NPA https://t.co/krdAmHOOxK,0,0,0,0,9,0,2025-04-22 21:28:10+00:00,tl,True,611076126522669,951194522575111,385679888675182,False,1
776553199928404,@975404515899393 Pano pa ma trace yan kung nabilang o hindi… walang kredibilidad ang comelec nato,0,0,1,0,130,0,2025-04-15 03:07:52+00:00,tl,True,258348762570995,975404515899393,421353732852576,False,1
419841742847450,@975404515899393 Anong alam ng ordinaryong botante sa encryption? Gunggong tlga yan.,0,0,0,0,5,0,2025-04-16 12:30:06+00:00,tl,True,258348762570995,975404515899393,204881681335845,False,1
374903227930513,@975404515899393 ano pang silbi kung tapos na ang botohan? dapata pagkatapos bomoto kita agad. ma verify agad na yung binoto yun ang lumabas sa recibo. punyeta! harapan tayong niloloko ng hayop,0,0,1,0,90,0,2025-04-15 03:35:49+00:00,tl,True,258348762570995,975404515899393,99549812081214,False,1
48772407250033,"@36502604678147 Sure win na yan si Go, sa dami ba naman ng bobotante sa Pilipinas na mangmang",0,0,0,0,24,0,2025-04-12 22:35:26+00:00,tl,True,897633439822809,36502604678147,181569934613041,False,1
133486303954019,"@585158187098030 @36502604678147 Para sa inyong kaalaman, hindi si Bong Go ang nagpopondo ng Malasakit Centers. Pera nating taumbayan ang ginagamit para dyan. Kung tutuusin, wala syang naiambag at nagcredit grab lang. Kaya sa Mayo, iboto kung sino ang nararapat para sa Senado.

P.S: photo not mine, ctto https://t.co/aVOlRyl5P4",0,0,0,0,14,0,2025-04-13 14:48:10+00:00,tl,True,897633439822809,585158187098030,25225648480049,False,1
913329807425103,"@304193516099150 E mga PANGET at ASAL KANAL din namn po ang bumoboto sa gnyang pulitiko e. Ung mga gumagamit ng Critical Thinking e NEVER IBOBOTO ang ganyang kandidato! Sadly, MARAMI ang PANGET MUKHA at KALOOBAN sa Pilipinas.",0,0,0,0,9,0,2025-04-08 12:04:51+00:00,tl,True,959057845353058,304193516099150,973534796902580,False,1
871573414904363,@304193516099150 mga bobotante lang ang gustong ganitong mga tao ang pamunuan sila!,0,0,1,0,47,0,2025-04-08 06:57:47+00:00,tl,True,959057845353058,304193516099150,13510096973920,False,1
858683214324201,@36502604678147 Itapon yan!! Huwag iboto ang mga tuta ng china!,0,0,1,0,2,0,2025-04-27 05:30:04+00:00,tl,True,162728490482154,36502604678147,176078692112114,False,1
666015204370180,@263164142372279 @36502604678147 Kunware lang na dds sya pero kakampink talgaa yan hahahahahaha... Kakampink supporters ang hihila sa  kanilang kakampink na kandidato kagaya nakaraang eleksyon na sobrang layo ng agwat ng boto ni leni at kiko marami din kasing mang2 bobo na kakampink na ndi naniniwala kay kilo,0,0,0,0,9,0,2025-04-27 06:33:30+00:00,tl,True,162728490482154,263164142372279,299063556772984,False,1
903654842898065,"@403780272519270 @58405836608314 Blaming others rather than himself lol, gagawa ka ng issue tapos di mo kayang akuin pagkakamali mo, wala kang accountability. Pinapatunayan mo na di ka dapat iboto ng mga taga Pasig",0,0,0,0,491,0,2025-04-04 15:30:41+00:00,tl,True,29590075134739,403780272519270,373216480752494,False,1
84182710545270,@403780272519270 Gagawa ng kabulastugan..isisi sa ibA....HUWAG IBOTO ANG TAONG ITO!,0,0,0,0,14,0,2025-04-05 03:28:55+00:00,tl,True,29590075134739,403780272519270,56799848259666,False,1
781506264363460,"@403780272519270 @58405836608314 Hoy sia! Wag mong sisihin ang kali*ugan mo kay Mayor Vico o kanino man! Tangnang to! 
Voters in Pasig pls lang wag nyong iboto ang kupal na to!",1,0,33,0,1873,0,2025-04-04 15:15:53+00:00,tl,True,29590075134739,403780272519270,239729774283185,False,1
102244200929373,"@403780272519270 @58405836608314 So ibig sabihin dahil Hindi ka pinapansin ng media you are permitted to joke around those things about single moms? Disgusting! Di man lang nya Makita kung Anong Mali sa sinabi nya. wala man lang respeto sa kababaihan, bobo na talaga bumoto dyan.",0,0,0,0,8,0,2025-04-05 11:07:40+00:00,tl,True,29590075134739,403780272519270,868921255579935,False,1
481176722665050,@403780272519270 @58405836608314 Ikaw ang nagsalita ikaw ang bastos ikaw ang walang modo! Wag kna mangdamay pa! Binastos mo kaming mga single mother lalong lalo na kaming mga taga pasig kya ikakampanya namin na wag kang iboto!,0,0,2,0,10,0,2025-04-04 16:15:22+00:00,tl,True,29590075134739,403780272519270,543327949716519,False,1
51111731388130,"@403780272519270 Tapos na. 

Sinelyuhan mo na ang kandidatura mo. Ikaw na rin ang tumapos.",0,0,3,0,145,0,2025-04-05 15:53:10+00:00,tl,True,506188194640247,,978288092657410,False,1
591245917077544,@403780272519270 wag nyo ng bigyan ng atensyon yang bobo na yan. di pa din naman mananalo kay vico yan eh. putak ng putak congressman nmn ang laban palibhasa tanga yung mayor na kandidato nila kaya sya ang na epal!!,0,0,0,0,122,0,2025-04-05 14:38:36+00:00,tl,True,506188194640247,403780272519270,683115204237935,False,1
33658154713525,@403780272519270 Ha!! Ano kinalaman ni vico sa ginawa mo joke!! TANYA KA B?  matatalino n botante ng pasig kaya for sure TALO KA PA RIN,0,0,0,0,12,0,2025-04-05 21:24:38+00:00,tl,True,506188194640247,403780272519270,789422753177658,False,1
695590864628512,"@587875972073636 Magkano Kaya pinuhunan dto ni abuloy at digong,himud puwet sa pagtatanggol,maituturing ba itong senador ng bayan?",0,0,0,0,3,0,2025-04-28 10:31:00+00:00,tl,True,580984895261042,587875972073636,734363112574280,False,1
232653200354373,"@587875972073636 Mga bobotante!mag-isip nman kayo!hndi tau mkakaalis sa kahirapan kng ganyan mga senador natin,,pag pahingahin nu nman kmi s kakabigay ng ayuda sainu galing sa tax ng mga middle class,,paki nman po",0,0,0,0,23,0,2025-04-26 12:28:14+00:00,tl,True,580984895261042,587875972073636,754730507358617,False,1
545133175936634,@995120649715525 Pati katwiran mali. Kung ganito mentality ng tao eh wag na iboto.,0,0,1,0,30,0,2025-04-05 17:17:08+00:00,tl,True,517017032596863,995120649715525,182303719056266,False,1
381188101022645,@995120649715525 ahay matino ba ung taong mag joke ng ganyan dapat huwag iboto ang mga politiko na ganyan kadiri,0,0,0,0,21,0,2025-04-05 04:14:49+00:00,tl,True,517017032596863,995120649715525,478002528620744,False,1
586326954296435,@180605995786897 Also lahat ng LGU niyo na pumayag sa prime water wag niyo na din iboto!,0,0,3,0,1022,0,2025-04-30 15:20:12+00:00,tl,True,109127098505501,180605995786897,336849497339043,False,1
178265155916499,@180605995786897 botohan nito ulit ang mga villar…..mga TANGA,0,0,0,0,402,0,2025-04-30 10:48:59+00:00,tl,True,109127098505501,180605995786897,424362681646795,False,1
391729017507528,"@901946442613399 Putqngina walang pwesto sa lipunan ang mga anay katulad nya
Sinisira ang kabataan..teka convicted yan ah..
Teka..bakit laging nananalo si Lito Lito ano sikreto nyan..
Wag na iboto mga putragis na walang ginagawa..may bomba na padating..wala pang interview..waaaa
Kaboset..",1,0,4,0,38,0,2025-04-26 03:35:16+00:00,tl,True,228630787059995,901946442613399,508480351034223,False,1
169375130771375,@901946442613399 wag iboto ang nangunguha ng bata at criminal. potang ina panget,0,0,2,0,46,0,2025-04-26 11:13:35+00:00,tl,True,228630787059995,901946442613399,954916314284615,False,1
278948466889780,@349622542467811 She need to win pero ang nakakalungkot majority ng botante ng Pinas ay mga ignorante.,0,0,0,0,3,0,2025-04-24 14:54:43+00:00,tl,True,195207691533793,349622542467811,943916904320519,False,1
917467349343848,@349622542467811 Ganitong post ang mga sumisira sa mga kandidato nyo. Akalain mo paparatangan kang magnanakaw kng hindi mo sya iboboto? Eh wala nman silang reklamo at ebidensya. Bad impression ang dating sa mga botante nyan yung publicity style.,0,1,1,0,36,0,2025-04-25 04:48:47+00:00,tl,True,195207691533793,349622542467811,874645583899948,False,1
906414059651157,@618147134788255 So pathetic! Wala na ba kayong maipintas?  Nice try. Ganyan talaga pag malinis na pulitiko at walang bahid ng kurapsyon. Makinis at kumikinang ang aura at presensya kasi nga matino. At least si Sen Kiko may pinatunayan at track record. Kmusta naman ang kandidato mo?,0,0,0,0,5,0,2025-04-10 05:06:50+00:00,tl,True,767210005018769,618147134788255,36212069969073,False,1
847297212843498,@618147134788255 Galaw dilawan. Trapo. Si Mar Roxas din dati. Kumakin sa baso umiinom ng tubig sa plato. Hahaha. Akala Nila mga botante ngaun nabubuhay pa sa 90’s na nadadala sa mga ganyan. 🤣,0,0,0,0,4,0,2025-04-10 08:38:03+00:00,tl,True,767210005018769,618147134788255,209843018354471,False,1
205141482520003,@623361697158128 Ayy sowssss sarilihin mo na kang ang boto mo vice ganda kay kiko. Mas piliin ko pa si bam aquino.,0,0,0,0,145,0,2025-04-20 08:01:04+00:00,tl,True,542063820323307,623361697158128,931407222129963,False,0
566505545048029,@623361697158128 ayaw ko ng kandidato na kumakain sa takip ng kaldero🤣🤣🤣,0,0,2,0,57,0,2025-04-20 09:38:11+00:00,tl,True,542063820323307,623361697158128,896291098296240,False,1
325748910705422,"@287614200652948 Lawakan niyo pa ang inyong mindset mga members ng LGBTQ
Hindi po dapat nakafocus lang sa inyo or porket hindi pabor sa same sex marriage yung kandidato. Disapproved na agad sa listahan ninyo. Huwag ganun, tumingin po sana tayo sa mga nagawa at magagawa pa ni Ma'am Heidi Mendoza",0,0,0,0,61,0,2025-04-10 05:37:22+00:00,tl,True,171703360513432,287614200652948,924397541117318,False,0
263256869278965,@287614200652948 Ang babaw mo ante. Daming problema ng pilipinas. Iboto mo si Willie at quiboloy!!,0,0,1,0,11,0,2025-04-08 21:40:38+00:00,tl,True,171703360513432,287614200652948,261217827142053,False,1
580763696934252,@287614200652948 Weee kaya nagka daletse letse ang Bansa naten dahil sa ganong pag iisip dahil ba Hinde sya pabor sa Isang batas na pabor sa gusto  ayaw nyo na syang iboto? Kalokohan dapat isipin nyo Ang mas Marami nyang magagawang batas para sa kabouan ng Pilipino Ganon dapat,1,0,2,0,52,0,2025-04-09 01:17:47+00:00,tl,True,171703360513432,287614200652948,932139854356237,False,1
882912481838494,"@287614200652948 Sigi, bumoto ka ng trapo, ung namimigay ng jacket, walang plataporma, at artista.",0,0,0,0,11,0,2025-04-09 06:32:01+00:00,tl,True,171703360513432,287614200652948,904908975179868,False,1
506495860430486,"@287614200652948 Ganun pala noh? Pag hindi mo gusto ang sinabi niya, bawi agad? So pag sinabi ni Quiboloy na pabor siya sa paniniwala mo, siya na iboboto mo?

Gusto mo pala yung mga kandidato na sinasabi ang gusto mong marinig eh.

Wala na talaga pag-asa ang Pilipinas.",0,0,8,0,53,0,2025-04-09 02:57:54+00:00,tl,True,171703360513432,287614200652948,625446669809613,False,1
433467266890000,@487904401693285 @951194522575111 @256706530852814 @337486552952345 D b Tanga pa rn. Pinagmalaki pa si isko na trapo! hahaha for all we know nahihiya lang dn aminin na si bbm binoto niya e options niya pang BOBOTANTE din hahaha bahala kayo diyan 😂😂😂,0,0,0,0,5,0,2025-04-16 14:08:54+00:00,tl,True,736233640177470,487904401693285,977529769643782,False,1
584943818631479,@951194522575111 bkit tatakbo para senador ito tao n ito..,0,0,0,0,103,0,2025-04-15 07:24:41+00:00,tl,True,736233640177470,951194522575111,544763948832184,False,1
360500078793646,@348286395681118 Hindi totoo yan survey na yan kinokondisyon lang nika kaisipan ng mga botante. Kya BAYAN gising na wag iboto ang taong ito at iba pang katulad nila mga demonyo,0,0,0,0,2,0,2025-04-14 02:55:41+00:00,tl,True,945115056878473,348286395681118,993796965082731,False,1
502084517604631,@348286395681118 Sad to say yes wala na talaga. Daming bobotante eh ayaw sa matitino. 🤦‍♀️,0,0,0,0,174,0,2025-04-12 10:29:00+00:00,tl,True,945115056878473,348286395681118,339353255643247,False,1
482047882822810,"@164497845455872 Sad to say may mga bobotante prin kHit saan pro sa case of pasig, mas lamang na un gising na sa katotohanan since napabagsak ni mayor vico ang dynasty dito. Kaya wlang pag asang makaupo ulit yang pulpol na mayabang na yan",0,0,0,0,13,0,2025-04-04 15:38:17+00:00,tl,True,351764026281474,164497845455872,404133102974579,False,1
664498364671780,@164497845455872 Kung mga ganitong klase ang inyong iboboto kayong mga botante na ang may  kasalanan kung bakit nag kakaganito ang bansa natin,0,0,0,0,35,0,2025-04-04 02:42:52+00:00,tl,True,351764026281474,164497845455872,959467025861297,False,1
778011450631003,"@692826440454114 @164497845455872 Pag wala pa din character development ang ibang bobotante, iboboto pa din nila mga ganyang pulitiko. Awa na lang talaga",0,0,6,0,332,0,2025-04-04 00:07:24+00:00,tl,True,351764026281474,692826440454114,222341676632944,False,1
199603491808809,@164497845455872 Matalino mga botante ng Pasig hindi nila iboboto yan!,0,0,0,0,355,0,2025-04-03 18:21:08+00:00,tl,True,351764026281474,164497845455872,882367357234055,False,0
594084788121422,"@164497845455872 Atty. Poba talaga tong tao nato????  Nakakawalang respeto....Hindi ako taga pasig ,taga pasig iboto nyo poba to?,at solo parent den ako.. Nakakabastos po ... Putang..in....... Mo.😠",0,1,0,0,5808,0,2025-04-03 22:35:21+00:00,tl,True,351764026281474,164497845455872,866910428240402,False,1
431563861992896,"@442416196465886 Nope, even though gusto ko mawala ang mga Abalos sa Manda pero di isang Ipe ang papalit sa pagiging Mayor ng Mandaluyong City ayun talunan. 
Anyways, eto pa kaya pagiging Senador pa itatry nya ngayon; Sana mag-isip ang mga botante... (✍️ ctto)
@442416196465886 https://t.co/JNLR3zoPCO",0,0,5,0,9286,0,2025-04-17 08:38:06+00:00,tl,True,997388009475580,442416196465886,360999977496900,False,1
750368790991664,@887894311593460 @442416196465886 Wag magtaka kung bakit nanalo mga ganito kandidato.  Bobotante…apakadami nila!,0,0,0,0,85,0,2025-04-18 03:20:42+00:00,tl,True,997388009475580,887894311593460,686774238972468,False,1
636728087210804,@289929405221207 Disqualify nyo na yan comelec!! Wala namang nagagawa mga Villar na yan sa senado,3,0,112,0,4246,0,2025-04-22 08:04:56+00:00,tl,True,448944602485617,289929405221207,570868706498410,False,1
352002759844110,@289929405221207 Pag yan na disqualify maniniwala na ako sa comelec. Parang puro amba lang kasi ginagawa ayaw nyong tuluyan,0,0,0,0,174,0,2025-04-22 07:41:02+00:00,tl,True,448944602485617,289929405221207,104414451082209,False,1
572236394782484,@325002683734926 Anong pinag sasabi nitong purpose ng encryption QR lang ?🤔pano makakasiguro ang mga BUMOTO na Tama ang mga pumasok na pangalan ng mga BINOTO nila sa transmission kung wala sila kopya ng resibo ng mga pangalan na binoto nila na proof na Yun talaga ang kanilang binoto ?🤔,0,0,0,0,18,0,2025-04-14 10:09:49+00:00,tl,True,892833706690526,325002683734926,527002625961261,False,1
682545495242623,"@325002683734926 Dahil meron QR code, dapat ay mayroong paraan ang mga botante na ma-verify ang boto nila. Dapat ay kasama yan sa instruction ng COMELEC bago or habang ginagawa ang botohan ng OFW.",0,0,0,0,10,0,2025-04-14 10:05:31+00:00,tl,True,892833706690526,325002683734926,807833762487750,False,2
48189117898023,@981081842587898 Di namin kailangan ang bo bong katulad mo. Di nyo kayang ipanalo ang kandidato nyo. 🤣🤣🤣🤣🤣🤣,0,0,0,0,16,0,2025-04-14 00:40:44+00:00,tl,True,931320992168458,981081842587898,975404515899393,False,1
931320992168458,"💚Kung may pagmamahal ka pang natitira sa bawat Pilipino at sa Inang Bayan.

💚Kung gusto mo ng pagbabago at pag-asenso!

💚Iboto ang PDP-LABAN SENATORIAL Candidates!👊👊👊🇵🇭",33,20,100,3,2859,1,2025-04-12 04:01:47+00:00,tl,False,931320992168458,,975404515899393,True,0
865611195700362,"@170219666646542 I respect the LGBTQA+ as well as the POV of Heidi Mendoza, pero sa ginagawa nyo mas binibigyan nyo ng tsansa na makapasok yung mga walang kwentang kandidato. Heidi Mendoza has the knowledge and is qualified to be a senator. Para sa bayan parin dapat ang pinaglalaban natin.",0,0,0,0,31,0,2025-04-09 21:44:07+00:00,tl,True,681772274815124,170219666646542,994326991036247,False,0
931735714781093,@170219666646542 ito lang talaga ang pamantayan mo para Hindi bumoto nang matino at maayos na kandidato?,0,0,0,0,12,0,2025-04-08 23:24:05+00:00,tl,True,681772274815124,170219666646542,705367986375046,False,1
223694017834904,"@394849571917054 @170219666646542 Tama po. Sana isipin muna ang kinabukasan ng buong bansa bago ang personal na ambisyon. Isang matinong kandidato si Heidi Mendoza, wag sana nating sayangin.",0,1,25,0,2172,0,2025-04-08 18:50:57+00:00,tl,True,681772274815124,394849571917054,609959765404641,False,0
614843907378515,@959301968601438 Hindi ginagawa para sa eleksyon? Sino niloko nyo? Talagang walang boboto sa inyo kung pinaglalaruan nyo utak ng mga Pilipino. Hindi porket nasa posisyon kayo mas matalino kayo,0,0,0,0,7,0,2025-04-25 13:04:06+00:00,tl,True,604762520680218,959301968601438,340428916185133,False,1
572239136695168,"Obvious na obvious na yung mga bigas ay naka-stock lang, hinoard talaga yan para gamitin sa eleksyon. Kaya ganyan na ang kondisyon, kasi pinatagal nang pinatagal. Kung talagang para sa tao yan, dapat noon pa ipinamahagi habang maayos pa ang kalidad. Wag nyo kaming niloloko. Paulit-ulit na lang ang style nyo, pang-gagago na naman 'to. Tigilan nyo na pagbobola sa mga Pilipino. 

Hindi tanga Pinoy!",11,4,57,0,703,0,2025-04-25 15:15:39+00:00,tl,True,604762520680218,959301968601438,190719484678220,True,0
604762520680218,"PANOORIN | May buwelta ang Alyansa senatorial candidates sa mga naninira sa P20 kada kilo bigas na programa ng pamahalaan. 

Hindi anila ito ginawa dahil lang sa eleksyon. Wala rin anilang problema kung sagutin ng gobyerno ang subsidiya dahil pera din naman ito ng taumbayan. | via Kathleen Jean Forbes

#RP1News  #RadyoPilipinas  #RadyoPubliko",18,25,72,11,5788,5,2025-04-25 07:15:13+00:00,tl,False,604762520680218,,959301968601438,True,2
723949747600373,@959301968601438 hahahahahahahahaha kung kailan eleksyon pinatupad? Halatang halata ang mga g@go hahahah,0,1,4,0,337,0,2025-04-25 16:16:49+00:00,tl,True,604762520680218,959301968601438,717897223989327,False,1
849446102312962,"@244024436350795 @589029215591253 kung yan ang top 1, maiiyak k n lng s katangahan ng mga botante, nkakadepress nkakawalang pagasa, kawawang Pilipinas, siempre enabler kau kea tuwang tuwa kau, either mangmang kau o pinapairal nio lng ung pagiging isip kulto nio kesa s sitwasyon ng Pilipinas, proud p kau, kakasuka",0,1,1,0,24,0,2025-04-21 15:44:49+00:00,tl,True,657628994678309,244024436350795,171823300613726,False,1
328668627692004,@589029215591253 Grabe indikasyon ito na mababa talaga ang kaalaman ng karamihan sa mga botante sa bansa.,0,0,2,0,42,0,2025-04-21 12:57:55+00:00,tl,True,657628994678309,589029215591253,88881266448917,False,1
14231789752772,@589029215591253 Mga basura talaga ang favorite iboto ng mga tangang Pinoy!,1,0,3,0,21,0,2025-04-21 12:41:18+00:00,tl,True,657628994678309,589029215591253,944904060774593,False,1
873937043131921,"Sumunod namang nagpakilala at nagprisinta ng kanilang General Plans of Action (GPOA) ang mga kandidato mula sa ADLAW CEM.

#UPLBvotes
#UPLBElex2025 https://t.co/cMSwgPSp9Z",0,1,0,0,91,0,2025-04-28 11:26:13+00:00,tl,True,953062917793001,408922241341751,408922241341751,False,2
362357346757023,"Unang statement, may sapat na student spaces sa CEM.

Nahati sa agree at disagree ang mga kandidato.

#UPLBvotes
#UPLBElex2025",0,1,0,0,97,0,2025-04-28 11:38:33+00:00,tl,True,953062917793001,408922241341751,408922241341751,False,2
102931474520428,"@117559030723379 Ganun tlga, hindi mo na kasi kailangan ng qualifications ngayon para iboto ng tao. Sayawan mo lang sila eh secured na ang seat mo 🤣 ganun katanga yung mga matatandang agnas na. Dapat may exam muna bago makakuha ng voter's ID para walang tanga na makaboto.",0,0,0,0,5,0,2025-04-20 01:35:08+00:00,tl,True,876076282014449,117559030723379,544122448777352,False,1
831449241068314,@117559030723379 Eh tanga din naman kasi ang mga botante so what to expect,0,0,0,0,90,0,2025-04-18 20:41:50+00:00,tl,True,876076282014449,117559030723379,928024340313783,False,1
597848954354840,@552630089176844 Seems to me me personality disorder talaga tong tao na to. Or sadyang sablay talaga mag joke. Either way bulok sya so wag nalang sya iboto ng Pasig baka pag nag speech sa Congress yan kung ano ano pa lumabas sa bibig nya,0,0,0,0,45,0,2025-04-07 23:33:10+00:00,tl,True,473645393945654,552630089176844,483265709143749,False,1
151700603460448,"@552630089176844 At umulit pa nga as body shammer naman this time!hay naku! Pls po comelec  disqualify na po yan! 
Walang lugar sa public office ang gantong tao,pano pa pag may power na yan!😡",0,0,0,0,465,0,2025-04-08 04:51:15+00:00,tl,True,473645393945654,552630089176844,940383289530681,False,1
205478338512630,@348286395681118 Anu na gagawin ng COMELEC sa mga yan na overlimit na ang campaign spending?,0,0,0,0,6,0,2025-04-15 06:12:24+00:00,tl,True,789373048698651,348286395681118,529577393369773,False,2
19695886683629,@348286395681118 Sana matuto na mga tao sa pagpili ng mga matinong kandidato. Sana all!,1,0,3,0,270,0,2025-04-13 19:31:11+00:00,tl,True,789373048698651,348286395681118,598234530622046,False,0
495704399189879,@776109641341820 Halatang power tripper ang comelec,0,0,0,0,83,0,2025-04-25 09:41:24+00:00,tl,True,240755024568403,776109641341820,472426244844013,False,1
240755024568403,"Nung inendorso ni VP Sara si C. Villar, inisyuhan ng Comelec ng show cause order para ipaliwanag ang isyu sa vote-buying.

Nung may usap-usapan na iendorso ni VPS si Yorme, binigyan din ng show cause order.

Ito yung nasa Oplan Horus na idisqualify ang mga allies ng mga Duterte?",7,19,37,1,1943,2,2025-04-25 00:21:27+00:00,tl,False,240755024568403,,776109641341820,False,1
329518228193258,"@951194522575111 Engot taga saan ka ba? Obviously may BURO na kasama sa mga kinakain nya. 
At nakita ko sa Pampanga, binabalot nila sa dahon ng MUSTASA yung binuro bago kainin.
So di ka lang basta tanga at bobong botante.
IGNORANTE ka pa sa pagkain.",4,4,188,0,4365,1,2025-04-17 05:37:54+00:00,tl,True,855814229925749,951194522575111,487904401693285,False,1
124750932466815,"@845969525538384 @951194522575111 Pabobohan, di ka dapat bumoto kasi di mo alam pinagkaiba ng dahon ng saging sa mustasa.",0,0,0,0,15,0,2025-04-17 15:41:11+00:00,tl,True,855814229925749,845969525538384,856268824691604,False,1
279381269924994,@409028437110193 Sana mga estudyante na lang ang botante,0,0,1,0,58,0,2025-04-15 13:35:21+00:00,tl,True,432732753112663,409028437110193,324208192662662,False,0
46732905923233,"@339565918088153 @409028437110193 Uh hindi sila bumoto sa walang kwentang mock election?😅 Hindi ka ba nagtataka na resulta ng mga mock election sa mga unibersidad pare-pareho, puro talunan ang panalo?😂 Kasi puro mga aktibista tulad mo lang bumoboto. Mga DDS malamang tahimik lang. Gising sa realidad!🤣🤣🤣",0,0,0,0,6,0,2025-04-15 07:31:45+00:00,tl,True,432732753112663,339565918088153,549762094495292,False,1
420928368680591,@556776310795431 Korek dpat ma amend ang Comelec Resolution o law ba o batas na ang mga tatakbo sa mga government opis ay pasado sa Civil Service.,0,0,0,0,10,0,2025-04-09 07:29:48+00:00,tl,True,760539677270535,556776310795431,682054655733721,False,2
217413472444404,"@556776310795431 Pag nag yes to samesex marriage to, malamang iboto to ng mga anti heidi in as vp 🤪😜😜",0,0,0,0,169,0,2025-04-09 16:37:31+00:00,tl,True,760539677270535,556776310795431,564672165124558,False,1
426872121404601,"JUST IN: Kinumpirma ng Comelec ang paglalabas ng show cause order ng Committee on Kontra Bigay laban kina Manila mayoral bet Isko Moreno, Samuel Versoza, Caloocan Mayor Along Malapitan at  iba pa. | via @745045944886155 #Halalan2025 https://t.co/NARNBgy9KA",17,6,64,4,11028,0,2025-04-24 07:00:45+00:00,tl,False,426872121404601,,403780272519270,True,2
815799085421766,@403780272519270 @745045944886155 Ang dapat ayusin ng Comelec ay siguraduhin nilang walang sayang magaganap sa May midterm elections. Puro sila show cause order. They should be transparent.,0,0,0,0,5,0,2025-04-26 00:55:56+00:00,tl,True,426872121404601,403780272519270,519729471306235,False,1
810054114307078,"@531172645923991 uy caloocan ka din? haha

ngayon lang lalagyan ng poste ng ilaw yung street namin kung kelan malapit na eleksyon hahaha",0,0,0,0,24,0,2025-04-30 08:12:26+00:00,tl,True,298015467985280,531172645923991,72301379587567,False,1
202844119663167,@72301379587567 yuppp north cal HASHHAHA nagpapalakas na mga kandidato kasi eleksyon naaaa naiinis na nga ako andami kong nakikitang orange,0,0,0,0,30,0,2025-04-30 12:22:12+00:00,tl,True,298015467985280,72301379587567,531172645923991,False,1
457745164214102,"@491201140325030 Bilang isang botante, nakikita ko ang ambag ni Sara Duterte bilang Bise Presidente sa pamamagitan ng kanyang suporta sa mga programang pangkaunlaran at pagtulong sa mga komunidad sa panahon ng kalamidad. Ang kanyang presensya ay nagbibigay ng katatagan at liderato sa gobyerno.",0,0,0,0,6,0,2025-04-29 14:41:25+00:00,tl,True,659167457042578,491201140325030,278119268129125,False,0
503644433315750,@491201140325030 Di naman siya kandidato ngayon di so i dont care hahahaha,0,0,0,0,27,0,2025-04-30 05:29:30+00:00,tl,True,659167457042578,491201140325030,677241061809937,False,1
540868743768426,@552630089176844 Ganyan ka tanga ang mga bobotante,0,0,0,0,119,0,2025-04-11 23:03:16+00:00,tl,True,56456173410698,552630089176844,934032851189570,False,1
565396308543632,"@552630089176844 Philippines is truly a nation of clowns. Di magbabago yan habang yang mga clowns na yan ang binoboto. Jusko, mga bobotante kasi nyan panay ang hingi ng tulong, makasariling desisyon, di para sa bansa",0,0,0,0,9,0,2025-04-11 18:11:09+00:00,tl,True,56456173410698,552630089176844,521150092253832,False,1
646882288643935,"@170219666646542 Hindi lang dapat sa Marriage umiikot ang Good Governance concept mo. Hindi lang dapat sa Opinion mo umiikot ang Boto mo.

Huwag kang makitid. Marami ka sanang pwede ma impluwensyahan sa pagboto ng Good Governing Leaders, pero dahil nais mo unahin Sarili mo, pinost mo pa.",0,0,0,0,8,0,2025-04-09 01:40:47+00:00,tl,True,519598374170217,170219666646542,366872016385103,False,1
864412910426518,@500445945093556 @170219666646542 Wag iboto ang mga aso senador ni fucking traitor killer putangina Du30 sina Bato Bong Go imee vavalina duterte Bong Revilla Tulfos lacson Philip Salvador Tito Sen Camille Villar at ping lacson,0,0,1,0,56,0,2025-04-10 06:15:29+00:00,tl,True,519598374170217,500445945093556,482495937888395,False,1
956669560047908,"@170219666646542 Right now, think of putting competent people to office first. Ano ba yan. Wala namang perpektong kandidato, pero ilang taon na tayong nakakaranas ng mga perpektong garapal sa senado.",0,0,1,0,27,0,2025-04-09 09:33:01+00:00,tl,True,519598374170217,170219666646542,271827124126550,False,1
899097159140863,"@159218758696518 Ang bobo ng logic mo wil! Di mo ba naiisip, gusto ng madlang pipol ang artista dahil sa entertainment! Ibang usapan pag pulitika na ang pinag-uusapan! Walang take 2, walang cut! Pinakita mo lang sa vid na ito kung bakit di ka dapat iboto! BOBO KA!🤡🤡🤡",0,0,0,0,8,0,2025-04-05 13:44:35+00:00,tl,True,972740972047907,159218758696518,549891669069656,False,1
690004632616988,"@159218758696518 Ok lang nman tumakbo ang mga artista na meron laman ang utak para magsilbi at pumasa ng batas para sa bayan.  Katulad mo na walang plata porma, kulang sa pag unawa at kulang sa talino ay dapat batikusin para matauhan ang kulang sa kaalaman na mga botante.",0,0,0,0,5,0,2025-04-05 14:17:26+00:00,tl,True,972740972047907,159218758696518,746088140670772,False,1
113558619994323,@159218758696518 sana walang 8080 na bumoto dito !,0,0,0,0,549,0,2025-04-05 15:04:30+00:00,tl,True,972740972047907,159218758696518,304701677559174,False,1
751122042317884,"@244007138410745 @364259394548470 Susko isang buwan na lang eleksyon na. Dami pa kailangan gawin ng  mga kandidato. Napaka paimportante nyo naman. If you don't want to vote for her,  e di wag. Simple lang. #45 Heidi Mendoza suportado ka po namin at ng aming pamilyang malawak ang pag-iisip!",0,0,1,0,307,0,2025-04-09 19:51:48+00:00,tl,True,827145444403221,244007138410745,808693406349403,False,1
686512079279556,@488545495724570 @364259394548470 May paninindigan tapos trapo. Gusto nyo yata itapon nya yung beliefs nya para lang iplease ang mga botante? Yun ang trapo.,1,0,67,0,3608,0,2025-04-08 17:03:05+00:00,tl,True,827145444403221,488545495724570,32664548860678,False,1
678306041866992,"@155023238193505 @331435147340338 @733701684177863 Karapatan namin ang ‘di bumoto ng hindi align sa gusto namin, that’s fundamental rights. Hindi namin kasalanan kung ibang bumoto, jusko naman. 

Chance, in the first place wala pa siyang chance kasi wala pa siya sa magic 12. Pero ano, sinira niya.",0,1,6,0,170,0,2025-04-08 17:28:06+00:00,tl,True,490923756892411,155023238193505,532249804220395,False,1
533194215058151,@733701684177863 it boils down to selfish wants and/or needs. bihira ka makakakita ng botante na Pilipinas muna ang iniisip bago ang pansarili. hindi naman pwedeng pagsabay-sabayin yan. masyadong idealistic ang all-in-one or non at all,0,0,0,0,178,0,2025-04-09 04:15:24+00:00,tl,True,490923756892411,733701684177863,483706816860810,False,1
509210891406518,"@218440178041990 @733701684177863 Pero rights ng lahat ang usapin laban sa corruption, pagkakaroon ng kandidato na hindi corrupt, may focus sa good governance. Yung mga boto natin, hindi lang para sa atin at sa hanay na nirerepresent natin. Ang boto natin ay dapat para sa lahat.",0,1,2,0,214,0,2025-04-09 07:44:42+00:00,tl,True,490923756892411,,172116534794923,False,2
626159724864813,@787696136528815 @885932131248309 Wow instead of admitting and asking for apologie nagawa pa niyang isisi sa iba yung kabulastugan niya .  Not a good joke kakasurang ugali eto ba ang leader na dapat iboto come on people mag isip kayo.,0,0,0,0,1066,0,2025-04-04 06:24:00+00:00,tl,True,414282424641166,787696136528815,739355039768626,False,1
207232590304047,@885932131248309 Pag nanalo sya e di yun talaga standard ng bobotante.,0,0,0,0,32,0,2025-04-04 09:29:37+00:00,tl,True,414282424641166,885932131248309,882163215677883,False,1
496316120762885,"@885932131248309 May mga bobotanteng iboboto pa rin iyan dahil nabigyan ng kaunting pera at ayuda.

Sabi nga ni Ted Failon, pag ang kandidato ay pera ang puhunan, pera din ang kukunin sabkaban ng bayan.

Sinong matinong kandidato ang gagastos ng daang milyong piso? Paano babawiin? Eh di nanakawin",0,0,16,1,509,0,2025-04-04 21:43:53+00:00,tl,True,414282424641166,885932131248309,759162854491091,False,1
746652764970914,"@885932131248309 Neither this nor the ones telling flowery things, wala na ni isa maaasahan sa kanila. Unless you see it for yourself, tsaka mo lang masasabi na siya nga ang tamang kandidato. Bulol na sistema, bulok na salita",0,0,0,0,3,0,2025-04-05 09:52:53+00:00,tl,True,414282424641166,885932131248309,988938767671262,False,1
841270317438116,@776109641341820 Kayo tlagang mga bisaya ang hilig nyu mag lagay ng mga basura sa Senado. Ambobo nyu bumoto.,0,0,0,0,9,0,2025-04-27 20:35:08+00:00,tl,True,223565873538495,776109641341820,417490011950011,False,1
53977072256690,"@776109641341820 Pautang inang utak Meron Yan,,Ikaw nlng bumoto Jan wag kna mandamay Ng marunong tao para igaya mo sa Sarili mong bugok",0,0,0,0,20,0,2025-04-27 15:06:54+00:00,tl,True,223565873538495,776109641341820,264967328906337,False,1
19419981461870,"@927620931481028 @135008088091792 @598516469507579 Kasama sa option syempre si Bam at Kiko, mas mataas nga rating nyan kesa kay Heidi.

E di 10 na lang kulang? Sino pa ba? Patulong naman.

Yung may winnability ha? Otherwise, mas pinalaki lang tsansa noong mga bugok na kandidato.",0,1,1,0,222,0,2025-04-09 07:48:28+00:00,tl,True,612155510239547,509209137307645,256606604776834,False,0
622110751411223,"@927620931481028 @135008088091792 @598516469507579 ""Heidi mo""??? Ano ako, panatiko?

Sa track record, mas madaling itulak si Heidi. Anyway, kung nangangarap kang mananalo yung ibang kandidato dyan e good luck na lang sa yo, pa-woke na tulog.",0,1,0,0,128,0,2025-04-09 08:42:38+00:00,tl,True,612155510239547,509209137307645,256606604776834,False,1
981005644376038,"@598516469507579 She is very honest. Hindi nambobola. 
Oo nga, marami pang kandidato na hindi rin natin alam kung ang pangako ay mapapako din. And daling magpanggap ang mga yan. You think  Manny P, Bong R, Lapid, Tulfo bros ipapasa yan? Heidi is promising good governance, that’s the goal.",0,0,6,0,75,0,2025-04-10 05:29:56+00:00,tl,True,612155510239547,598516469507579,729628892356543,False,0
910498469647206,@995120649715525 Gagamitin ng mga politiko ang kagutuman para linlangin ang mga botante,0,0,0,0,3,0,2025-04-22 21:20:55+00:00,tl,True,128290836289358,995120649715525,164222375204617,False,1
877660490656824,@995120649715525 Bakit ba kasi kailangan may magkapatid o magina sa Senado? E iisa lang naman takbo ng utak ng dalawang yan. Sana talaga may batas na magbawal sa magkamaganak sa Senado para fair ang botohan. parang raffle more entries more chances of winning.,0,0,0,0,7,0,2025-04-23 01:25:35+00:00,tl,True,128290836289358,995120649715525,773607002743281,False,1
374636234694704,"@289929405221207 Naman...sayawan, kantahan at abutan ng pera ng bayan iboto na! Kaya lugmok pa rin ang karamihan sa kahirapan! D nag iisip! Gising Pilipinas!!!",0,0,0,0,11,0,2025-04-19 14:22:19+00:00,tl,True,519011957159274,289929405221207,457360086854150,False,1
504654873542668,@289929405221207 Putangnang mga kandidato!!,0,0,0,0,53,0,2025-04-19 08:07:01+00:00,tl,True,519011957159274,289929405221207,568164193633781,False,1
983469790951547,"""Ngayong eleksyon, binubusalan ang ating bibig, pinipigilan, at tinatakot ang taumbayan sa kanilang pagboto. Sinisiraan tayo, at ito ay isang porma ng pandaraya. Hindi ito demokrasya. Kaya’t dapat natin itong ilantad at labanan,"" ayon kay Lidasan.",0,0,1,0,341,0,2025-04-22 14:24:09+00:00,tl,True,679898769873962,589029215591253,589029215591253,False,2
679898769873962,"Naghain ng formal complaint ang Makabayan Coalition sa #COMELEC laban kay Ernesto Torres Jr., executive director ng #NTFELCAC dahl sa umano'y pangre-red-tag sa kanilang mga miyembro. #BilangPilipino2025 #News5 https://t.co/WGXik4qzet",2,2,8,0,674,0,2025-04-22 14:24:06+00:00,tl,False,679898769873962,,589029215591253,False,2
81331756954021,"@664138562411848 Napaka gago ampota!!! Si Digong at Sara ang maguutos na ipa contempt kung may gusto sila ipa contempt sa senado?! Oh ayan mga bobong botante, magluklok pa kayo ng katulad ng hinayupak na Robin na yan sa susunod na election. Tangina talaga!! 🤮🤮🤮",0,0,0,0,5,0,2025-04-11 13:06:19+00:00,tl,True,49154869965217,664138562411848,129470715555975,False,1
673541593013179,"@664138562411848 Mga bumoto sa kupal na to...tingnan nio ang ginawa nio?bumoto kyo ng bobo,ulaga at tanga...",0,0,0,0,124,0,2025-04-10 19:46:10+00:00,tl,True,49154869965217,664138562411848,96304108000046,False,1
219848242606055,@664138562411848 8080. Ipagtanggol nyo DDSHIT. VP nyo dba? Ambobo ng mga bumoto neto!,0,0,0,0,16,0,2025-04-11 02:37:34+00:00,tl,True,49154869965217,664138562411848,253129553527684,False,1
754781893273410,@989041278377186 Wag na Iboto yang sa Imee nakakainis siya 😡 😡 😡,0,0,0,0,80,0,2025-04-11 06:42:47+00:00,tl,True,694960781323805,989041278377186,617594780928475,False,1
898265562045010,@989041278377186 Wag ng iboto,0,0,0,0,16,0,2025-04-11 09:27:27+00:00,tl,True,694960781323805,989041278377186,161410192061400,False,1
755815875573325,@623361697158128 Para iboto na wag ma-impeach sa fiona😆🤣,0,0,0,0,0,0,2025-04-21 16:14:43+00:00,tl,True,208140863997184,623361697158128,282104745689094,False,1
315404072098874,@623361697158128 kelangan nang prinsipyo tapat at may paninindigan.aanhin naman ang lawyer or dating senador kung sinungaling at manloloko sa sambayanan,0,0,0,0,19,0,2025-04-20 14:28:55+00:00,tl,True,208140863997184,623361697158128,758825839774206,False,1
175954051234904,"@396134226020905 @403780272519270 Mga walang ambag na dilawan, parehas lang mga kandidato mo sa mga dutae",0,1,1,0,3,0,2025-04-23 11:48:10+00:00,tl,True,321614716910124,396134226020905,170252881406914,False,1
250460865055239,@403780272519270 Xempre para makuha nila ung mga botante sa Visayas kc ligwak sila! Alam naman kc nilang Mindanao is solid talaga! 😂😂😂,0,0,0,0,6,0,2025-04-23 13:01:58+00:00,tl,True,321614716910124,403780272519270,850371045568076,False,0
843236379645588,@748204441589511 Tatakbong senador para maging taga himod ng Dutertae,0,0,0,0,51,0,2025-04-19 11:04:10+00:00,tl,True,190743097373888,748204441589511,702409199587039,False,1
162051549363716,@748204441589511 Huwag iboto si Jimmy Bondoc sa Senado kung ang balak niya ay gawing normal mga kamaliang ginawa ni Duterte. Kaya nakakulong si Digong sa ICC dahil sa mga krimen na kanyang ginawa.,0,0,0,0,17,0,2025-04-20 06:03:26+00:00,tl,True,190743097373888,748204441589511,576673629606413,False,1
345793858645454,"@698083324095687 sana naman, madala na ang mga botante., wag na sila bumoto ng isa pang kasing bobo ng Robin Padilla na yan.., wag na please lang..🙏",1,0,1,0,44,0,2025-04-12 14:23:39+00:00,tl,True,682231786884457,698083324095687,8986921144830,False,1
957592759076023,"@698083324095687 Bobo ang ogag! Aso ni duterte! 
Hoy mariel ung asawa mo nagkakalat na naman sa senado. 
Ginawang sarswela katatawana nang senado ng bansa.
COMELEC baka naman next time maging mas mabusisi/matalino tayo kung ano ang requirement para maging senador congressman ng ating bansa.",0,0,0,0,15,0,2025-04-11 00:57:58+00:00,tl,True,682231786884457,698083324095687,649936500385841,False,1
60566246883771,"𝗖𝗢𝗠𝗘𝗟𝗘𝗖 𝗣𝗿𝗲𝗰𝗶𝗻𝗰𝘁 𝗙𝗶𝗻𝗱𝗲𝗿 𝗶𝘀 𝗻𝗼𝘄 𝗹𝗶𝘃𝗲!

Alam mo na ba kung saan ka boboto sa darating na halalan?

Hanapin ang iyong Polling Place para sa May 12, 2025 National and Local Elections gamit ang Precinct Finder sa https://t.co/XlzUaSsaOt. https://t.co/do7iWRwlfU",0,1,0,0,30,0,2025-04-22 23:53:22+00:00,tl,False,60566246883771,,379395767192513,False,2
37324155917260,"Ihanda ang mga sumusunod na impormasyon: 𝘣𝘶𝘰𝘯𝘨 𝘱𝘢𝘯𝘨𝘢𝘭𝘢𝘯, 𝘢𝘳𝘢𝘸 𝘯𝘨 𝘬𝘢𝘱𝘢𝘯𝘨𝘢𝘯𝘢𝘬𝘢𝘯, 𝘢𝘵 𝘭𝘶𝘨𝘢𝘳 𝘯𝘨 𝘱𝘢𝘨𝘱𝘢𝘱𝘢𝘳𝘦𝘩𝘪𝘴𝘵𝘳𝘰.

#COMELEC 
#NLE2025 #2025NLE 
#PrecinctFinder",0,0,0,0,13,0,2025-04-22 23:53:23+00:00,tl,True,60566246883771,379395767192513,379395767192513,False,2
664935695583104,@987350725354409 @774350941220830 Trapo in its true essence kung meron pa ring may gusto bumoto sa kanila. Tsaka more or less tauhan or nakinabang sila kina KahiyaThis kaya ganon mindset nila.,0,1,1,0,19,0,2025-04-09 03:22:22+00:00,tl,True,944236685845553,987350725354409,522001211818435,False,1
924317912715871,@522001211818435 @987350725354409 Binigyan na ng Notice to Explain ng COMELEC. Buti naman. Ang dami pa niyang sinabi na questionable. Kesyo di naman daw nagalit sa kanya ang mga kapartido na babae. And meron pa daw na na-bodyshame ang assistant niya during a rally. Sana nga meron din IBP investigation.,0,1,1,0,30,0,2025-04-05 02:24:40+00:00,tl,True,944236685845553,522001211818435,774350941220830,False,1
583713443398994,"BAKIT KAILANGANG IBOTO ANG MGA SUMUSUPORTA SA POSITION NG PANGULO SA WEST PHILIPPINE SEA

Isa sa mga tinitingnan ko talaga ay kung sino sa mga senatorial candidates  ang sumusuporta sa foreign policy ni PBBM sa West Philippine Sea.

Ayoko kasi ng mga kandidato na flip-flopping sa issue o worse, yung mukhang mas kampi pa sa China kesa sa sariling bansa.

Since gusto ko rin ng mga abogado sa senado (yung naiintindihan ang 2016 Arbitral Award, UNCLOS, at International law,m), Kiko Pangilinan fits the bill.

Bukod sa matagal na siyang champion ng agriculture at rural development, hindi rin siya kumakampi sa claims ng China — hindi kagaya ng iba dyan na ayaw i-acknowledge na may West Philippine Sea.

Matagal ko nang na-notice na suppored ni  Kiko ang legislative priorities ni PBBM lalo na sa agri reform, WPS, social justice, education, etc.

Kahit na opposition si Kiko, sa tingin ko ay mas may commonality pa sila ni BBM sa policies compared sa mga dating allies ng presidente.

Sa panahon ngayon, kailangan natin ng mga senador na hindi lang concerned sa  local issues like food security — kundi may tapang ding magsalita sa mga importanteng issues tulad ng soberanya ng bansa.

Kiko is one of the 7 senators I am voting so far. Hindi pa ako decided sa iba.",23,15,145,2,3981,3,2025-04-26 12:53:58+00:00,tl,False,583713443398994,,943351515797164,False,0
105394107343419,"@943351515797164 Agree ako dyan! ✌️🙂
Kesa sa mga Traydor na Pro China candidates, suportahan natin LAHAT ng mga Pro Philippines 🇵🇭 na mga kandidato regardless of political beliefs and conviction! 👍😊 https://t.co/GtIVNGdshq",2,2,12,0,149,0,2025-04-26 21:05:02+00:00,tl,True,583713443398994,943351515797164,857496986501598,True,0
590316067553556,@296161519948196 @868867742968675 @692433972929338 You know pwede ka di bumoto right/ may iba mga options? That you can choose Economic stability AND LGBTQ+ rights?,0,0,2,0,56,0,2025-04-09 10:37:08+00:00,en,True,125005756146848,296161519948196,806999654427519,False,1
664860948990363,@644980047095191 @710951809386949 @692433972929338 I’m settling for candidates who prioritizes corruption and the welfare of the greater good specially yung mga nasa laylayan. Not necessarily si Heidi. Pero para sa lahat ng kandidato.,0,1,1,0,99,0,2025-04-09 01:19:43+00:00,en,True,125005756146848,644980047095191,373085060614784,False,0
519732867385176,"@169299986086136 @422709977169470 @868867742968675 @742776083943287 Regardless kung ano pa man yan, may karapatan akong bumoto. Iiyak mo lang yan dahil hindi ko isasama si Ms. Heidi. Gigil na gigil yarn. 😂",0,1,0,0,28,0,2025-04-09 02:38:58+00:00,tl,True,761992587273475,169299986086136,321245329566713,False,1
111273740052215,"@742776083943287 Mas gusto ko po kayong iboto after that dahil naging tapat po kayo. Hindi po tulad ng karamihang politiko na maraming pangako sa kampanya pero pag nakaupo na, nakakalimutan na! Salamat po sa pagiging Totoo at tapat nyo!",0,0,1,0,90,0,2025-04-09 04:45:45+00:00,tl,True,761992587273475,742776083943287,339565918088153,False,0
425479338027404,@899075215081097 @302020071044283 Senador po ang tinutukoy hehehe,0,0,0,0,127,0,2025-04-24 08:45:25+00:00,tl,True,298140176048675,899075215081097,512774092375884,False,2
177435034345414,"@302020071044283 Puwede po bang paki-tulungan yung mga maaasahang magtatrabaho nang tapat, na makapasok sa senado.
6 na taon, ang haba po nun para ibigay sa isang MALI na kandidato, paano pa kung mas higit sa isa? Pls tulungan:
Heidi Mendoza- 45
Bam Aquino- 5
Kiko Pangilinan- 51",1,0,11,0,490,0,2025-04-24 01:39:48+00:00,tl,True,298140176048675,302020071044283,163367050077221,False,0
663142622991111,"@403780272519270 Buti na lang inupload at nagviral. Salamat sa nagupload at mga nagshare. 😄
Sana makatulong sa pagkilatis ng kandidato.",0,0,3,0,68,0,2025-04-04 13:59:26+00:00,tl,True,940761694165875,403780272519270,271279008941324,False,0
93137438040909,@403780272519270 Di dapat iboto ang ganitong klase ng kandidato.💩🤡,0,0,2,0,37,0,2025-04-05 12:17:45+00:00,tl,True,940761694165875,403780272519270,685556321982029,False,1
953667864834273,"@403780272519270 @965882414869443 Sana unawain ng botante ng #Pasig na 
sa simula pa lang, ibasura na ang ganyang politiko.

hindi magandang halimbawa bilang atorni at konsehal na nagaambisyong kunubra ng halos P300K buwan buwan bilang kongresista.

huli sa pananalita ang turing sa taongbayan.",0,0,3,0,654,0,2025-04-04 11:05:29+00:00,tl,True,363515397003122,403780272519270,102756442197378,False,1
817402949764909,"@403780272519270 HUWAG IBOTO ang kandidatong ito dahil sa mga inaasal at pinagsasabi nya, notwithstanding his apology, obvious na wala xang accountability. Yung apology nya parang, sorry but I am not sorry (dahil nagtuturo pa siya ng ibang rason). Itapon derecho sa inidoro.",0,0,0,0,21,0,2025-04-05 06:25:16+00:00,tl,True,363515397003122,403780272519270,758949378801659,False,1
805402494345213,@442228593260204 Asus. Yan ang mga kandidato kahit anu gagawin para manligaw ng boto. Pero wag na sana ganun nakakababa ng pagtingin ko sa mga ganyan strategy eh. Pero go ako kay Kiko boboto ko to ng magkaroon ng matinong senador ang Pilipino!,0,0,0,0,8,0,2025-04-10 22:29:10+00:00,tl,True,983079053997591,442228593260204,746489324728139,False,1
700808272819413,@442228593260204 Alam nyo na mga hindi dapat iboto.,0,0,0,0,3,0,2025-04-10 17:34:27+00:00,tl,True,983079053997591,442228593260204,746072684809984,False,1
942935703789794,@747779344562950 pikit mata lang ang comelec diyan,0,0,0,0,211,0,2025-04-25 06:28:50+00:00,tl,True,837254580204586,747779344562950,114294539620357,False,1
877206786208821,@747779344562950 Kaya hindi nananalo ang matinong kandidato kasi pera/ayuda na ang labanan. Kung walang pera na Ibibigay yung mga tumatakbo sa kahit akong position. Wala din boto. Ganyan na ang reality. Ang mga kapwa ko Filipino. Kung saan ang may pera doon sila 🤭🤣,0,0,0,0,44,0,2025-04-25 05:29:47+00:00,tl,True,837254580204586,747779344562950,924397541117318,False,1
120589547714278,"@460436796410133 Bakit? Bakit ngayon lang, kasi eleksyon? Ikaw naman abby, para kang .....",0,0,1,0,70,0,2025-04-25 22:05:47+00:00,tl,True,390040473222227,460436796410133,560686145603990,False,1
505717960677549,"@460436796410133 Dahil ayuda lang ulit yan. Ibang paraan lg. Pampabango sa eleksyon.

Ang totoo, wala pa ring malinaw na programa ang gobyerno para sa mga magsasaka. Palpak ang NFA at DA.",0,1,2,0,79,0,2025-04-26 09:46:42+00:00,tl,True,390040473222227,460436796410133,96443210264925,False,1
336678394338330,"@623361697158128 Ang candidate mo iboto, ? Wag n po",0,0,0,0,28,0,2025-04-25 19:54:55+00:00,tl,True,862765124200714,623361697158128,478276838242376,False,1
605281989996994,@623361697158128 sial ang aming senador,0,0,0,0,96,0,2025-04-25 03:21:25+00:00,tl,True,862765124200714,623361697158128,362697176504972,False,0
533217394569325,@951392445303700 Sana sana sana maging senador ka ulit!,0,0,10,0,804,0,2025-04-28 02:40:20+00:00,tl,True,961543736656065,951392445303700,256606604776834,False,0
557671468452980,@951392445303700 Bwct talgaa ibang kakampink kaya naman pala natin ma ipasok sa survey bam bat si kiko ndi.. Madami rin kasing tangaaa mang2 na kakampink... Kawawa si kiko magagaya ulit sya nakaraang eleksyon na sobrang layo ng agwat ng boto nila ni leni... Dami din kasing tangang kakampink hayss,0,0,0,0,17,0,2025-04-28 03:23:16+00:00,tl,True,961543736656065,951392445303700,299063556772984,False,1
455429050543594,"Sumunod sa Fast Talk ang Panel Forum, kung saan kikilatisin ng mga kinatawan ng iba’t ibang sektor sa loob at labas ng unibersidad ang mga kandidato.

#UPLBvotes
#UPLBElex2025",0,1,0,0,78,0,2025-04-24 11:57:03+00:00,tl,True,900194575451825,408922241341751,408922241341751,False,2
129628676010956,"Nag-umpisa ang programa sa pagpapakilala ang mga kandidato mula sa Veterinary Medical Students’ Alliance (VMSA).

Tingnan ang listahan ng mga kandidato ng VMSA dito: https://t.co/CkMNTf8Fqa

Larawan mula sa Veterinary Medical Students' Alliance FB page

#UPLBvotes
#UPLBElex2025 https://t.co/2GBG8e8ist",0,1,2,0,122,0,2025-04-24 11:25:23+00:00,tl,True,900194575451825,408922241341751,408922241341751,False,2
295338483250517,"Nahati rin sa in favor at in favor with reservations ang mga kandidato hinggil sa usapin ng pag-recognize sa abstain votes.

#UPLBvotes
#UPLBElex2025",0,1,0,0,69,0,2025-04-24 11:51:49+00:00,tl,True,900194575451825,408922241341751,408922241341751,False,2
569149177790949,@180605995786897 Magtayo ka ng sarili mong mundo utoy  tapos ikaw lng mag isang botante 😂 mas marunong kapa sa mga taga maynila. Pwee.,0,0,3,0,286,0,2025-04-25 07:26:54+00:00,tl,True,93402341745109,180605995786897,922077576921586,False,1
111298620534292,@180605995786897 Actually nangangampanya n nga ako s mga grupo ko n wag iboto si Isko! Dismayado ako!,0,0,5,0,336,0,2025-04-25 12:06:34+00:00,tl,True,93402341745109,180605995786897,343195346384590,False,1
516557043931103,"@458651863842986 @735105976278027 Sa kanila na nga naggagaling, bakit nila susuportahan ang di ipaglalaban ang gusto nila.
So balewala ang malinis na pagkatao at track record at di trapo.
Basta dapat me kuda sa SSM.
E di naman botohan lang to para sa pabor at hindi sa SSM.",0,0,1,0,27,0,2025-04-12 17:30:52+00:00,tl,True,987061136284260,458651863842986,487904401693285,False,1
735358005679719,"@735105976278027 @458651863842986 Me sinabi ba ako na wala kang pwedeng iboto na iba?
12 ang senators na pwede mo isulat. Di lang isang pangalan.
So katangahan yang tanong mo.
Ilan na ba ang nasa listahan mo na MALANIS,NAG ARAL, AT PRO SSM?
Pa share naman, baka me magustuhan ako.",0,1,1,0,32,0,2025-04-13 16:05:02+00:00,tl,True,987061136284260,735105976278027,487904401693285,False,1
33647921344330,"@325002683734926 Syempre. Tiba-tiba sila noong panahon ni Duterte. Isuko ba naman sa “gentleman’s agreement” ang #WestPhilippineSea . 🫩 
Paying for troll farms is effective. Chronically online ang nga Pinoy. Ang daling ma-manipula. Kanta at sayawan lang, walang fact checking. 
#Halalan2025 https://t.co/QW2ykpQzl1",3,0,24,0,1346,1,2025-04-24 05:10:41+00:00,tl,True,815064527525716,325002683734926,64899621260454,False,1
388756031992157,@325002683734926 Malamang yung mga senador na pabor sa pogo pbinabackupan nyan,0,0,2,0,1389,0,2025-04-24 05:38:00+00:00,tl,True,815064527525716,325002683734926,770260271578550,False,1
813720619094752,@587875972073636 Napaka baba nman ng Standard ng mga Pilipino pagdating sa mga  Senador.. Samantala ako nagpakahirap makapasa sa board exam tas kailangan mag take din civil service.. Hirap parin makapasok sa gobyerno..,0,0,1,0,187,0,2025-04-26 23:05:54+00:00,tl,True,247481923315440,587875972073636,62192185767063,False,1
324627014319744,@587875972073636 Pinaka 8080 na ang Pilipinas pag nanalo pa yan. Dapat meron Kongresman o senador ang magsulong na mag amend ng kwalipikasyon para sa mga tumatakbong public opisyal ng bansa. Taasan nman ang standard sa laki ng mga sweldo nila. Jusmio marimar🤦‍♀️,0,0,0,0,17,0,2025-04-27 03:19:22+00:00,tl,True,247481923315440,587875972073636,799961149511357,False,1
95351405481959,@403780272519270 Wala namang ginawa ang comelec dyan🙄,0,0,0,0,10,0,2025-04-24 02:47:30+00:00,tl,True,329151914234500,403780272519270,73745058819813,False,1
492989686012981,@403780272519270 Party list has been bastardized by these Trapos.. Dapat eh maging matapang at tapat ang mga tiga Comelec sa pag screen sa mga huwad at ineligible na partido.. Example: May mga congressman na ang Albay/CamNorte/CamSur/Sorsogon (kung ilang distrito) bakit kailangan pa ng AkoBicol??,0,0,0,0,14,0,2025-04-24 07:49:00+00:00,tl,True,329151914234500,403780272519270,65726099009631,False,1
788129548271934,"@623361697158128 Pansin nyo ba kung c pusit ang may idea parang susunod na lang sya para lang makabangon sya sa political career nya, kasi kung hindi baka sa kangkungan sya mapunta. Sana lang di sya mag-prosper sa mga galawan nya at di makapasok sa minimithi nya. Gising mga botante.",0,0,0,0,9,0,2025-04-18 15:44:19+00:00,tl,True,701907808140705,623361697158128,561850127131271,False,1
688959576560704,"@623361697158128 sa hula ko, ang dalawang ito ay magsasanib sa 2028. kaya, kung nais natin umunlad ang ating bayan ay wag iboto ang black
sheep tandem na ito.",0,0,0,0,36,0,2025-04-17 21:39:55+00:00,tl,True,701907808140705,623361697158128,705403452368925,False,1
67168004066666,"@36502604678147 Sa basurahan ang mga HYPOCRITE na kandidato, ang tunay na KANDIDATO at mag mamahal sa bayan HINDI MANINIRA NG KAPWA kandidato.

At ang taliwas na pahayag tungkol sa CF nI VP SARA para mag karon ng SUPPORTERS BASE!

#NOTOHMENDOZA and alikes BAM AQUINO KIKO LUKE CASTRO CASINO👎",0,0,0,0,139,0,2025-04-09 05:07:33+00:00,tl,True,265833733573930,36502604678147,918030593869958,False,1
22278905967450,"@705907935620050 @36502604678147 Open sa discussion,  umaatend ng debate,  yan ba tumalikod? Yung mga magnanakaw, pro china at palabudots na lang iboto nyo, ganyan tayo eh",0,0,0,0,30,0,2025-04-11 00:54:40+00:00,tl,True,265833733573930,705907935620050,472876680337194,False,1
444607294101774,"@53888304907615 Binoto po namin kayo ng pamilya ko. Takbo po ulit kayo sa susunod na eleksyon, ganun po talaga dito sa Pilipinas ayaw nila ng matitinong politiko.",0,0,1,0,100,0,2025-05-13 13:25:49+00:00,tl,True,186727995215004,53888304907615,491628694328199,False,0
336306768864518,"@53888304907615 Marami salamat po Kuya Ronnel!! Kasama ako, ate ko at mama ko bumoto sainyo!! Huhuh bawi tayo ulit sa next election! 🥺",0,0,0,0,21,0,2025-05-13 16:20:55+00:00,tl,True,186727995215004,53888304907615,44869759845444,False,0
637881877985515,@106490152796335 Di ba parehong bopol ang dalawa na yan? Kaya nga hinde sumipot sa mga debate ng mga kandidato sa pagka-presidente at bise presidente bago yung eleksyon noong 2022 ay mabubuking ang kabobohan ng dalawa na yan? Nanalo nga dahil sa mga butanteng nasa SD cards ng comelec.,0,0,5,0,74,0,2025-05-23 01:14:08+00:00,tl,True,488996684027718,106490152796335,554423716436549,False,1
695968488259787,@106490152796335 Pareho lang namn sila. May silbi din ba si Sara bilang bise Presidente? Kayo bumoto sa mga yan.,0,0,1,0,23,0,2025-05-23 07:13:17+00:00,tl,True,488996684027718,106490152796335,926874405726647,False,1
924724466208857,"@76436540542067 napost ko na to sa iba, pero share ko lang. I agree na regionalism nang PH, meron talaga eh. Pero karamihan nang mga politiko sa nat gov pati yung mga mayayaman na nasa NCR, kung tutuusin, mga pamilyang taga Vismin. Kahit dito sa NCR mapapatanong na lang eh.",0,0,2,0,316,0,2025-05-14 02:35:15+00:00,tl,True,870920264435676,76436540542067,203076320375249,False,1
280179921034295,@76436540542067 Ganyan talaga Utak Ng mga bisaya at waray Wala Sense sa Pag Boto🤣🤣 tapos mga Abang na Abang pa sa Vote buying every Eleksyon Tigilan mo yang Mga pa put yourselvesin their Shoes keme mo na yan kung Ang mga Kurap ay buwaya yung Mga botante na waray at bisaya buwaya din sa Pera😏,0,0,0,0,6,0,2025-05-15 11:48:17+00:00,tl,True,870920264435676,76436540542067,322288540815199,False,1
